CODIGO DE ESTABLECIMIENTO,NOMBRE ESTABLECIMIENTO,DIRECCION,CIRCUITO,COMUNA,DESDE MESA,HASTA MESA,TOTAL MESAS,Latitude,Longitude
4367,ESC N°26 HIPOLITO YRIGOYEN,AV SAN JUAN 353,1,1,1,11,11,-34.6217775,-58.37066139999999
4369,ESC N°3 BERNARDINO RIVADAVIA,BOLIVAR 1235,1,1,19,28,10,-34.6222612,-58.37279960000001
5043,INSTITUTO MARIA AUXILIADORA,AV JUAN DE GARAY 556,1,1,12,18,7,-34.6243634,-58.37346609999999
9009,ESC. N°27 DEAN FUNES,DEFENSA 1431,1,1,29,31,3,-34.6245781,-58.3712385
5113,ESC Nº1 VALENTIN GOMEZ,AV INDEPENDENCIA 758,2,1,32,45,14,-34.617397,-58.3768245
7749,ESCUELA GUILLERMO RAWSON,HUMBERTO I 343,2,1,46,54,9,-30.8648556,-61.3485135
9012,COL. NAC. N°7 J M PUEYRREDON,CHACABUCO 922,2,1,55,60,6,-34.6187843,-58.3757575
8391,UNIVERSIDAD CATOLICA ARGENTINA,AV. ALICIA MOREAU DE JUSTO 1400,3,1,61,66,6,-34.6144432,-58.36616110000001
8066,UNIVERSIDAD CATOLICA ARGENTINA,AV. ALICIA MOREAU DE JUSTO 1400,4,1,67,72,6,-34.6144432,-58.36616110000001
4636,ESC Nº25 BANDERA ARGENTINA,EEUU DEL BRASIL S/N Y ANT ARG,5,1,73,85,13,-34.6036844,-58.3815591
4639,EMEM Nº6 PADRE C MUGICA,LETONIA S/N Y ANT ARG,5,1,86,94,9,-34.6036844,-58.3815591
4593,COL. NAC.Nº2 D F SARMIENTO,LIBERTAD 1257,6,1,115,136,22,-34.5935995,-58.3844132
4596,ESC COM Nº2 D F SARMIENTO,AV PRESIDENTE QUINTANA 7,6,1,95,114,20,-34.59266849999999,-58.3845651
5335,INST SUP DE LENGUAS VIVAS,CARLOS PELLEGRINI 1515,6,1,137,141,5,-34.5901809,-58.3813939
5210,USAL FACULTAD DE CS ECONOMICAS,MARCELO T DE ALVEAR 1335,7,1,142,155,14,-34.59696220000001,-58.3861815
9015,UCES UNIV DE CS SOCIALES Y EMP,PARAGUAY 1318,7,1,156,159,4,-34.5981922,-58.3859045
9377,COLEGIO JESUS MARIA,TALCAHUANO 1260,7,1,160,165,6,-34.5936682,-58.3859569
4631,COLEGIO SAN MARON,PARAGUAY 834,8,1,186,191,6,-34.5977254,-58.37878300000001
4641,ESC Nº6 FRENCH Y BERUTI,BASAVILBASO 1295,8,1,166,180,15,-34.5928946,-58.37707030000001
9023,INST SUPERIOR DE LENGUAS VIVAS,CARLOS PELLEGRINI 1515,8,1,181,185,5,-34.5901809,-58.3813939
4407,ESC N°4  CATEDRAL J M ESTRADA,RECONQUISTA 461,9,1,207,215,9,-34.6024426,-58.3725417
4409,ESC N°13 GRAL SAN MARTIN,SAN MARTIN 458,9,1,192,206,15,-34.6025636,-58.37395999999999
4410,COLEGIO DE NUESTRA SEÑORA,ESMERALDA 759,9,1,216,224,9,-34.5993847,-58.37828750000001
4412,ESC N°8 NICOLAS AVELLANEDA,TALCAHUANO 680,10,1,235,251,17,-34.6007672,-58.3854006
5330,ESC N°7 PTE ROCA,LIBERTAD 581,10,1,225,234,10,-34.6016953,-58.38394820000001
9026,UMSA UNIV DE MUSEO SOCIAL ARG,AV CORRIENTES 1723,10,1,252,259,8,-34.6043325,-58.3912246
4404,ESC N°9 FAMILIA DE CABEZON,JUAN DOMINGO PERON 1140,11,1,260,269,10,-34.6062069,-58.38265879999999
8691,ESC TEC N° 19 ALEJANDRO VOLTA,RODRIGUEZ PEÑA 551,11,1,280,287,8,-34.6025477,-58.3912233
9029,ESC N°5 RODRIGUEZ PEÑA,RODRIGUEZ PEÑA 747,11,1,270,279,10,-34.6002911,-58.39151039999999
9032,INSTITUTO SANTA ROSA,BARTOLOME MITRE 1655,11,1,288,296,9,-34.60783780000001,-58.39009780000001
4395,COLEGIO DON BOSCO,SOLIS 252,12,1,297,311,15,-34.6119592,-58.3902685
9035,FUND DE ALTOS EST EN CS COM,URUGUAY 57,12,1,312,315,4,-34.6081037,-58.3862715
9037,ESC N°14 MARIANO NECOCHEA,SAENZ PEÑA 463,12,1,316,324,9,-34.6141449,-58.38754220000001
9040,ESC N°13 PCIA S DEL ESTERO,CHILE 1371,12,1,325,330,6,-34.6166511,-58.3855239
4350,ESC N°2 FRAY C RODRIGUEZ,CHILE 1670,13,1,347,353,7,-34.6167748,-58.3900121
5328,UADE UNIV ARG DE LA EMPRESA,LIMA 761,13,1,331,338,8,-34.6172366,-58.3816071
9043,INSTITUTO LOS ROBLES,LUIS SAENZ PEÑA 443,13,1,339,346,8,-34.6139443,-58.38754549999999
9046,INST NTRA SRA DE MONSERRAT,AV BELGRANO 1344,13,1,363,366,4,-34.6133923,-58.3852591
9049,UBA FAC DE CS SOCIALES,SANTIAGO DEL ESTERO 1029,13,1,354,362,9,-34.620216,-58.38441520000001
5118,ESC POLITECNICA Nº5 M BELGRANO,BOLIVAR 346,14,1,367,371,5,-34.6119285,-58.3734032
8716,COLEGIO NACIONAL BUENOS AIRES,BOLIVAR 263 ,14,1,372,381,10,-34.61091529999999,-58.3735076
4363,ESC N°3 SANCHEZ DE THOMPSON,TACUARI 567,15,1,382,391,10,-34.614843,-58.37901309999999
5116,ESC Nº4 CNEL ISIDORO SUAREZ,VENEZUELA 771,15,1,392,401,10,-34.6139395,-58.37708499999999
9052,ESC N°21 HIPOLITO VIEYTES,PERU 946,15,1,402,407,6,-34.6190358,-58.3743941
4137,ESC STA CATALINA DE ALEJANDRIA,PIEDRAS 1527,16,1,418,422,5,-34.6264797,-58.3761715
6223,UNIV ARGENTINA J F KENNEDY,PERU 1156,16,1,423,427,5,-34.6214739,-58.37407959999999
8073,ESC N°3 DE RECUPERACION,PIEDRAS 1430,16,1,408,417,10,-34.6254365,-58.37666589999999
9055,INST SIMON BOLIVAR,BOLIVAR 1163,16,1,428,431,4,-34.6215036,-58.37301100000001
4394,ESC N°5 AGUSTIN ALVAREZ,HUMBERTO I 1573,17,1,432,445,14,-30.8648556,-61.3485135
7755,COLEGIO INMACULADA CONCEPCION,CARLOS CALVO 1186,17,1,455,458,4,-34.6198295,-58.3827317
8700,ESC N°11 DR RICARDO GUTIERREZ,SAENZ PEÑA 1215,17,1,459,466,8,-34.6027039,-58.38359329999999
9058,ESC N°7 GRAL GUEMES,CARLOS CALVO 1140,17,1,446,454,9,-34.6198082,-58.3821303
4388,ESC N°16 EUSTAQUIO CARDENAS,SALTA 1226,18,1,467,476,10,-34.6225279,-58.3830499
5109,COLEGIO DE LA PROVIDENCIA,COCHABAMBA 1414,18,1,482,488,7,-34.6240084,-58.3860262
9061,INSTITUTO J M ESTRADA,AV ENTRE RIOS 1428,18,1,477,481,5,-34.6255849,-58.3913358
4081,INSTITUTO VOCACIONAL DE ARTE,AV JUAN DE GARAY 1684,19,1,518,520,3,-34.6272097,-58.38933579999999
4083,ESC N°6 TOMAS GUIDO,SAN JOSE 1985,19,1,489,498,10,-34.6322355,-58.3855203
4085,ESC N°4 CNEL MARINA T ESPORA,SOLIS 1815,19,1,499,508,10,-34.62920039999999,-58.38935309999999
9064,INST ROSA ANCHORENA DE IBAÑEZ,AV SAN JUAN 1774,19,1,509,512,4,-34.6227029,-58.39097599999999
9067,INST HOGAR DEL PINO,CONSTITUCION 1650,19,1,513,517,5,-34.6249813,-58.38913400000001
4591,UBA FAC DE DERECHO Y CS SOCIAL,AV F ALCORTA 2263,20,2,521,543,23,-34.641417,-58.3934156
4663,ESC N°1 JUAN JOSE CASTELLI,AYACUCHO 1680,21,2,551,573,23,-34.5902255,-58.3922144
4666,ESC N°21 ANGEL GALLARDO,AYACUCHO 1849,21,2,544,550,7,-34.5888071,-58.3905101
4676,INSTITUTO NTRA SRA DEL PILAR,VICENTE LOPEZ 1969,21,2,574,577,4,-34.589411,-58.3927272
9227,UBA FAC DE DERECHO Y CS SOCIAL,AV F ALCORTA 2263,21,2,578,584,7,-34.641417,-58.3934156
4570,ESC N°18 DR HERRERA VEGAS,AV LAS HERAS 3086,22,2,598,607,10,-34.5835323,-58.40516
8075,COLEGIO RIO DE LA PLATA (SEC),LAPRIDA 1635,22,2,608,611,4,-34.5908677,-58.4038754
8810,INST. VOCACIONAL ARGENTINO,CHARCAS 3034,22,2,585,597,13,-34.5930039,-58.40883539999999
9099,ESC. N°24 CORNELLA PIZARRO,PEÑA 2670,22,2,612,623,12,-34.5881002,-58.4016107
9102,INSTITUTO SAN TARSICIO,JUNCAL 2623,22,2,624,629,6,-34.5902043,-58.4034924
9105,ALIANZA FRANCESA C FORTABAT,BILLINGHURST 1926,22,2,630,632,3,-34.588537,-58.40862540000001
4600,ESC N°10 GREGORIA PEREZ,ARENALES 2733,23,2,651,663,13,-34.5922839,-58.40445219999999
4621,INSTITUTO MERCEDES PACHECO,ANCHORENA 1553,23,2,664,673,10,-34.5921484,-58.4037067
8818,INST. M BIANCHI DE COPELLO,PACHECO DE MELO 2455,23,2,674,678,5,-34.5880428,-58.3993341
9108,INSTITUTO SAN AGUSTIN,AGUERO 2320,23,2,633,650,18,-34.5863763,-58.3999969
9111,COLEGIO SAN PABLO,PACHECO DE MELO 2300,23,2,679,691,13,-34.58945,-58.3966036
4594,UBA FACULTAD DE INGENIERIA,AV LAS HERAS 2214,24,2,692,708,17,-34.5884454,-58.3960096
4602,INST N SRA DE LA MISERICORDIA,AZCUENAGA 1630,24,2,709,720,12,-34.590284,-58.39723300000001
9114,INSTITUTO SAN MIGUEL,LARREA 1254,24,2,721,727,7,-34.5928904,-58.4003401
9116,INSTITUTO ETCHEVERRY BONEO,JUNCAL 2131,24,2,728,730,3,-34.5926567,-58.3978597
4653,COLEGIO LA ANUNCIATA,ARENALES 2065,25,2,731,736,6,-34.5945147,-58.3967006
9119,ESC. N°1 DE RECUPERACION,AYACUCHO 953,25,2,737,748,12,-34.5980853,-58.3958888
9122,ESC. N°1 ROQUE SAENZ PEÑA,AV CORDOBA 1951,25,2,749,768,20,-34.5996661,-58.395137
4604,INST INM C DE M ADORATRICES,URUGUAY 932/936,26,2,788,792,5,-34.5978792,-58.3871131
4606,ESC Nº3 ONESIMO LEGUIZAMON,AV SANTA FE 1510,26,2,776,787,12,-34.5956733,-58.3886061
4612,COLEGIO CHAMPAGNAT,MONTEVIDEO 1046,26,2,803,818,16,-34.5966368,-58.3899425
5209,INSTITUTO DEL CARMEN,PARAGUAY 1706,26,2,793,802,10,-34.5986303,-58.3917083
9125,ESCUELA ARGENTINA MODELO,RIOBAMBA 1059,26,2,769,775,7,-34.596463,-58.39479410000001
4616,ESC N°1 R SAENZ PEÑA,PARAGUAY 1950,27,2,829,848,20,-34.5987331,-58.395204
9129,ESC SUP DE COM C PELLEGRINI,MARCELO T DE ALVEAR 1851,27,2,819,828,10,-34.597277,-58.3940359
9132,ESC N°23 BERNARDINO RIVADAVIA,LARREA 854,27,2,849,856,8,-34.5983155,-58.4023387
4555,COLEGIO ALETHEIA,GALLO 1353,28,2,871,880,10,-34.5944764,-58.410594
8841,ESC. N°6 MANUEL BELGRANO,ECUADOR 1158,28,2,881,892,12,-34.596611,-58.40487269999999
8844,INST EDMUNDO DE AMICIS,DR. N QUIRNO COSTA 1260,28,2,893,908,16,-34.59518449999999,-58.405324
9135,LICEO NAC N°1 J F ALCORTA,AV SANTA FE 2778,28,2,857,870,14,-34.5927709,-58.4058843
4545,ESC N°13 REP DE IRAN,JOSE A CABRERA 3484,29,2,927,938,12,-34.5967559,-58.4153193
9138,ESC N°2 JUAN LARREA,LAPRIDA 1235,29,2,909,926,18,-34.5946256,-58.40768689999999
9141,INST EDUC NUEVO GUIDO SPANO,BILLINGHURST 1355,29,2,939,943,5,-34.5942122,-58.4131201
4307,ESC N°8 DR ARTURO MATEO BAS,TUCUMAN 3233,30,3,944,953,10,-34.6004131,-58.4112956
4311,ESC N°23 TOMAS DE ANCHORENA,DR T M DE ANCHORENA 855,30,3,954,960,7,-34.5988397,-58.4084214
4315,ESC N°24 PCIA DE CATAMARCA,JEAN JAURES 870,30,3,961,968,8,-34.6002579,-58.4074542
9311,ESC N°14 J M DE PUEYRREDON,AV PUEYRREDON 630,30,3,969,976,8,-34.6028887,-58.4051407
4338,ESC N°10 PRESIDENTE QUINTANA,LAVALLE 2366,31,3,993,1008,16,-34.6034035,-58.40044689999999
4345,UBA FACULTAD DE CS ECONOMICAS,AV CORDOBA 2150,31,3,977,992,16,-34.5997873,-58.39791979999999
9285,UBA FAC DE CS ECONOMICAS,URIBURU 781,31,3,1009,1014,6,-34.6201937,-58.41010709999999
4318,COLEGIO SANTO TOMAS DE AQUINO,JUAN DOMINGO PERON 1862,32,3,1024,1027,4,-34.6068683,-58.39300369999999
4320,ESC Nº2 ANTONIO BERMEJO,RIOBAMBA 623,32,3,1015,1023,9,-34.6017643,-58.3941899
5107,INSTITUTO UNIVERSITAS,LAVALLE 1838,32,3,1034,1038,5,-34.6031555,-58.3931503
8735,UNIV DEL SALVADOR FILOSOFIA,LAVALLE 1878,32,3,1039,1048,10,-34.6031908,-58.3937073
9372,COLEGIO DEL SALVADOR,AV CALLAO 542,32,3,1028,1033,6,-34.6026362,-58.3925587
4295,ESC Nº16 PRESIDENTE MITRE,SARMIENTO 2832,33,3,1057,1068,12,-34.6066172,-58.40665509999999
4298,ESC Nº6 GRAL M RODRIGUEZ,ANCHORENA 441,33,3,1069,1077,9,-34.6047777,-58.4105072
5096,COLEGIO Nº5 BARTOLOME MITRE,VALENTIN GOMEZ 3163,33,3,1049,1056,8,-34.6051246,-58.41023500000001
4327,ESC CANGALLO SCHULE,JUAN DOMINGO PERON 2169,34,3,1086,1098,13,-34.6071178,-58.3974209
4329,UBA CENTRO DE IDIOMAS,JUNIN 224,34,3,1099,1106,8,-34.6068439,-58.3965654
4335,INST ARG GALLEGO SGO APOSTOL,PASO 51,34,3,1078,1085,8,-34.6092813,-58.40341459999999
8743,ESC Nº14 CORNELIO SAAVEDRA,SARMIENTO 2250,34,3,1107,1120,14,-34.606038,-58.3986507
4286,UBA FACULTAD DE PSICOLOGIA,HIPOLITO YRIGOYEN 3242,35,3,1121,1131,11,-34.6121799,-58.4123068
5095,ESC Nº2 M ACOSTA,GRAL URQUIZA 277,35,3,1145,1157,13,-34.6137065,-58.4099446
5324,INSTITUTO ARCANGEL SAN MIGUEL,DR T M DE ANCHORENA 41,35,3,1132,1144,13,-34.6099814,-58.41165170000001
4264,ESC Nº12 REP DEL PARAGUAY,AGRELO 3231,36,3,1171,1182,12,-34.6178271,-58.4115225
4271,ESC Nº5 PAUL GROUSSAC,CATAMARCA 462,36,3,1158,1170,13,-34.6154546,-58.40597439999999
4310,ESC N°6 GUILLERMO CORREA,SAAVEDRA 695,37,3,1183,1193,11,-34.61762780000001,-58.4025674
4314,ENET N°25 FRAY LUIS BELTRAN,AV JUJUY 780,37,3,1194,1201,8,-34.6184421,-58.4035108
4324,CIRC DE SUBOFICIALES DE LA PFA,AV BELGRANO 2584,37,3,1202,1208,7,-34.6145033,-58.4027094
5099,LICEO Nº10 RICARDO ROJAS,AV JUJUY 150,37,3,1209,1211,3,-34.6117789,-58.4056042
8750,ESC Nº1 ESTEBAN DE LUCA,ADOLFO ALSINA 2499,37,3,1212,1215,4,-34.6121823,-58.40162309999999
4319,ESC N°15 NARCISO DE LAPRIDA,MEXICO 2383,38,3,1216,1225,10,-34.6163362,-58.3999621
4322,ESC N°9 MARIANO MORENO,MORENO 2104,38,3,1226,1234,9,-34.6129782,-58.39619949999999
8740,COLEGIO SAN JOSE,BARTOLOME MITRE 2455,38,3,1235,1245,11,-34.6085682,-58.4013476
8746,ESC Nº34 MONSEÑOR DE ANDREA,MORENO 2135,38,3,1246,1252,7,-34.6129674,-58.396549
4312,COL EUSKAL ECHEA,CHILE 2032,39,3,1267,1273,7,-34.6172087,-58.3951229
4317,ESC DE COM N°5 J DE SAN MARTIN,AV ENTRE RIOS 755,39,3,1253,1262,10,-34.6174858,-58.39176959999999
4341,COL ISABEL CONDE DE HERNANDEZ,MORENO 1859,39,3,1263,1266,4,-34.6127144,-58.3927503
4342,INSTITUTO SUP DE VIAJANTES,COMBATE DE LOS POZOS 146,39,3,1279,1282,4,-34.61085449999999,-58.393212
4344,INSTITUTO DON ORIONE,HIPOLITO YRIGOYEN 2084,39,3,1274,1278,5,-34.610608,-58.39600830000001
8157,POLIDEPORTIVO CANGALLO SCHULE,JUAN DOMINGO PERON 1955,39,3,1283,1292,10,-34.6069779,-58.39440219999999
4261,COLEGIO SANTA CRUZ,24 DE NOVIEMBRE 950,40,3,1305,1318,14,-34.6221481,-58.41070689999999
4305,ESC N°11 JOSE FEDERICO MORENO,HUMBERTO I 3171,40,3,1293,1304,12,-30.8648556,-61.3485135
4263,ENET N°11 MANUEL BELGRANO,COCHABAMBA 2830,41,3,1353,1365,13,-34.625643,-58.4045982
4265,ESC N°10 F DE GURRUCHAGA,AV JUJUY 1471,41,3,1366,1370,5,-34.6271526,-58.40145169999999
4268,INSTITUTO SAN CRISTOBAL,AV JUJUY 1241,41,3,1344,1352,9,-34.6243177,-58.40211759999999
4288,ESC N°3 RUFINO SANCHEZ,LA RIOJA 850,41,3,1319,1327,9,-34.6203512,-58.40757989999999
4300,ESC NORM SUP N°8 PTE J A ROCA,LA RIOJA 1042,41,3,1328,1335,8,-34.6225534,-58.4072725
5092,ESC Nº17 LUIS CHORROARIN,CARLOS CALVO 2827,41,3,1336,1343,8,-34.6215754,-58.4050179
4272,ESC N°23 GRAL VIAMONTE,PASCO 961,42,3,1397,1407,11,-34.6202806,-58.39729169999999
4274,ESC N°21 CARLOS PELLEGRINI,AV ENTRE RIOS 1341,42,3,1382,1388,7,-34.624513,-58.391423
4276,ESC N°22 CARLOS PELLEGRINI,AV ENTRE RIOS 1359,42,3,1389,1396,8,-34.62475390000001,-58.3914053
4279,INSTITUTO NTRA SRA DEL HUERTO,AV INDEPENDENCIA 2140,42,3,1408,1417,10,-34.6184287,-58.3966022
4282,ESC N°25 GERVASIO A DE POSADAS,AV SAN JUAN 2277,42,3,1371,1381,11,-34.6231642,-58.3974027
4059,INSTITUTO FELIX F BERNASCONI,CATULO CASTILLO 2750,43,4,1418,1431,14,-34.6333987,-58.4022789
5310,ESC N°26 B MIGUEL DE AZCUENAGA,PICHINCHA 1873,43,4,1446,1452,7,-34.631249,-58.39610399999999
5311,INSTITUTO NTRA SRA DE LUJAN,JUJUY 2179,43,4,1432,1445,14,-34.635642,-58.3990994
4048,ESC N°2 JOSE MARIA GUTIERREZ,LA RIOJA 1846,44,4,1468,1479,12,-34.6325371,-58.40612729999999
5037,INSTITUTO SAN VICENTE DE PAUL,24 DE NOVIEMBRE 1665,44,4,1464,1467,4,-34.6310071,-58.4097518
5312,ESC SUP N°11 RICARDO LEVENE,DEAN FUNES 1821,44,4,1453,1463,11,-34.631945,-58.40477689999999
4045,ESC N°19 PROV DE FORMOSA,ELIA 473,45,4,1489,1493,5,-34.6435204,-58.4086872
5035,ESC Nº2 PATRICIOS,AV ALMAFUERTE 66,45,4,1480,1488,9,-34.639052,-58.4115778
8753,ESC DE RECUPERACION Nº5,JOSE A CORTEJARENA 3350,45,4,1494,1499,6,-34.6441273,-58.4090144
4037,ESC N°18 JUAN E PESTALOZZI,AV CASEROS 2152,46,4,1514,1518,5,-34.6347014,-58.3929015
4041,ESC DE COM N°18 R DE SUECIA,JUAN CARLOS GOMEZ 253,46,4,1508,1513,6,-34.6371222,-58.39112549999999
4046,ENET N°7 D LAVALLE DE LAVALLE,ZAVALETA 204,46,4,1500,1507,8,-34.6392156,-58.4032955
4030,ESC N° 11 REPUBLICA DE HAITI,LAFAYETTE 1879,47,4,1519,1531,13,-34.6567094,-58.3902986
4033,INSTITUTO SAGRADO CORAZON,AV V SARSFIELD 1351,47,4,1532,1544,13,-34.6504105,-58.3891235
9326,ENET N°14 LIBERTAD,SANTA MAGDALENA 431,47,4,1545,1557,13,-34.6477316,-58.3811149
4121,LICEO COM N°3 JOSE M ESTRADA,ARCAMENDIA 743,48,4,1558,1567,10,-34.641162,-58.3800529
5040,CENTRO CENTES Nº1,RAMON CARRILLO 317,48,4,1574,1577,4,-34.6357325,-58.38216429999999
8064,ESC Nº5 GRAL M M DE GUEMES,ARCAMENDIA 793,48,4,1568,1573,6,-34.6417808,-58.3797979
8788,ESC N°8 CARLOS N VERGARA,AV AMANCIO ALCORTA 1934,48,4,1578,1583,6,-34.6394884,-58.3886467
9320,ENET N°4 REPUBLICA DEL LIBANO,AV MONTES DE OCA 121,48,4,1584,1591,8,-34.6299689,-58.37724189999999
9323,ESC N°1 REPUBLICA DE BOLIVIA,GRAL HORNOS 530,48,4,1592,1598,7,-34.6338728,-58.3773595
4112,ESC N°24 PRESIDENTE DERQUI,CALIFORNIA 1925,49,4,1607,1613,7,-34.6472971,-58.3756429
4115,ESC N°20 NIEVES E DE OROMI,SAN ANTONIO 682,49,4,1614,1621,8,-34.6501875,-58.37784929999999
5041,ESC Nº13 FRAY MAMERTO ESQUIU,SALOM 332,49,4,1599,1606,8,-34.6464018,-58.38272369999999
9329,ESC TEC N°10 FRAY LUIS BELTRAN,VIEYTES 942,49,4,1622,1629,8,-34.6434685,-58.37945910000001
9332,ESC N°28 FRANCISCO P MORENO,JOSE SALMUN FEIJOO 1073,49,4,1630,1634,5,-34.6441112,-58.3777602
4131,ESC N°7 JUAN DE GARAY,AV CASEROS 734,50,4,1635,1645,11,-34.6269365,-58.3749957
4153,ESC DE BELLAS ARTES M BELGRANO,WENCESLAO VILLAFAÑE 1342,50,4,1646,1656,11,-34.6347319,-58.37152450000001
6427,INSTITUTO SANTA FELICITAS,PINZON 1480,50,4,1662,1675,14,-34.6368555,-58.3725679
9335,ESC N°3 BERNARDO DE IRIGOYEN,AV MONTES DE OCA 439,50,4,1657,1661,5,-34.6336542,-58.37573829999999
4076,ESC DE COM N°1 J V GONZALEZ,MONTES DE OCA 1356,51,4,1688,1705,18,-34.6432514,-58.3736731
4077,INSTITUTO ZACCARIA,AV MONTES DE OCA 1844,51,4,1676,1687,12,-34.6484353,-58.3727319
4084,ESC Nº11 ANTONIO BUCICH,BRANDSEN 1057,52,4,1725,1735,11,-34.6370782,-58.3675812
4086,ESC Nº3 JUAN MARTIN GUTIERREZ,ROCHA 1226,52,4,1706,1716,11,-34.64184,-58.3678756
5046,ESC Nº19 REP ITALIANA,RIO CUARTO 1249,52,4,1736,1739,4,-34.6477078,-58.3671732
5047,ESC Nº4 JOSE J BERRUTTI,B QUINQUELA MARTIN 1081,52,4,1717,1724,8,-34.6424404,-58.36572109999999
4094,ESC Nº14 AGUSTIN R CAFFARENA,NECOCHEA 1136,53,4,1768,1772,5,-34.6342445,-58.3578726
4095,ESC Nº10 G ARAOZ DE LAMADRID,GRAL GREGORIO ARAOZ DE LAMADRID 499,53,4,1752,1759,8,-34.63731750000001,-58.3593012
5314,ENET N°31 MAESTRO QUINQUELA,AV PEDRO DE MENDOZA 1777,53,4,1748,1751,4,-34.6389741,-58.3599062
5315,ESC N°9 PEDRO DE MENDOZA,AV PEDRO DE MENDOZA 1835,53,4,1740,1747,8,-34.6392929,-58.3615448
5338,ESC N°29 ADULTOS M BELGRANO,GRAL G ARAOZ DE LAMADRID 676,53,4,1760,1767,8,-34.6384952,-58.3618285
9338,ESC N°13 REPUBLICA DE CHILE,SUAREZ 1145,53,4,1773,1781,9,-34.6381399,-58.3687117
4097,ESC Nº2 DR CARLOS R VIGNALE,WENCESLAO VILLAFAÑE 453,54,4,1805,1811,7,-34.6323898,-58.3619031
4099,ESC Nº8 CARLOS DELLA PENA,E BRAUN MENENDEZ 260,54,4,1782,1794,13,-34.6274538,-58.36271439999999
4101,INST MADRE DE LOS EMIGRANTES,NECOCHEA 330,54,4,1795,1804,10,-34.6281346,-58.3644659
9341,ESC N°1 ALTE G BROWN,ARISTOBULO DEL VALLE 471,54,4,1812,1822,11,-34.6331306,-58.3612957
4010,ESC N°24 MARTIN GUERRICO,LYNCH 3536,55,4,1823,1827,5,-34.6519406,-58.40983840000001
4015,ESC N°23 DR LORENZO ANADON,TRAFUL 3847,55,4,1834,1838,5,-34.651747,-58.4152182
5030,ESC N°16 SABINA B DE BOZZALLA,AV AMANCIO ALCORTA 3402,55,4,1839,1844,6,-34.6520231,-58.4073095
5032,INSTITUTO SAN VICENTE DE PAUL,ALBERTO EINSTEIN 599,55,4,1828,1833,6,-34.6524314,-58.41213579999999
9344,NTRA SRA DIVINA PROVIDENCIA,CACHI 724,55,4,1845,1850,6,-34.6509773,-58.4112558
4810,ENET N°33 F M DEL PLUMERILLO,AV INT FRANCISCO RABANAL 1549,56,4,1858,1863,6,-34.6559866,-58.4208576
4815,ESC N°6 DR ADOLFO SALDIAS,ECHAURI 1576,56,4,1864,1867,4,-34.6573504,-58.4175803
4829,INSTITUTO SAN ANTONIO DE PADUA,TILCARA 3178,56,4,1851,1857,7,-34.6528802,-58.41891320000001
9347,ESC N°13 P ALBERTI,ITAQUI 2050,56,4,1868,1876,9,-34.6532938,-58.43184279999999
4009,ESC N°14 PROVINCIA DE SAN LUIS,CACHI 77,57,4,1877,1888,12,-34.6442388,-58.41311570000001
4770,ESC N°1 M SILVENTI DE AMATO,ALAGON 300,57,4,1898,1902,5,-34.6436683,-58.42111889999999
4775,ESC N°5 PCIA DE CORRIENTES,AV CASEROS 4050,57,4,1911,1917,7,-34.6398948,-58.4216472
4825,ESC N°7 AERONAUTICA ARGENTINA,QUILMES 473,57,4,1889,1897,9,-34.6449074,-58.4174802
5150,ESC N°22,MOM 2358,57,4,1903,1910,8,-34.6460604,-58.43254020000001
9350,INSTITUTO NUEVA POMPEYA,FOURNIER 3157,57,4,1918,1930,13,-34.6526744,-58.4178395
4049,ESC N°8 ALMAFUERTE,MAZA 1913,58,5,1937,1948,12,-34.6340535,-58.41449
4764,ESC N°23 PCIA DE ENTRE RIOS,AV BOEDO 1935,58,5,1959,1970,12,-34.6365249,-58.4162152
4766,ESC N°26 RCA DE COLOMBIA,AV JUAN DE GARAY 3972,58,5,1949,1958,10,-34.6318727,-58.4201045
4793,ESC N°20 E FERNANDEZ ALONSO,MUÑIZ 2147,58,5,1931,1936,6,-34.6394292,-58.4225613
5072,INSTITUTO MARIA AUXILIADORA,AV JUAN DE GARAY 4353,59,5,1971,1978,8,-34.6323057,-58.42494190000001
8084,ESC N°7 OLEGARIO V ANDRADE,24 DE NOVIEMBRE 1536,59,5,1986,1993,8,-34.6291205,-58.4098449
8886,ESC N°22 M ZUVIRIA,CONSTITUCION 4154,59,5,1979,1985,7,-34.629014,-58.42292980000001
9306,ESC N°6 SAN JOSE DE CALASANZ,AV LA PLATA 1038,59,5,1994,2007,14,-34.6275126,-58.4266442
4180,ESC N°14 INTENDENTE ALVEAR,CASTRO 954,60,5,2018,2029,12,-34.6237967,-58.42052559999999
4308,ENET N°29 RECONQUISTA DE BS AS,AV BOEDO 760,60,5,2030,2037,8,-34.6217673,-58.41646530000001
8889,ESC N°15 CNEL R L FALCON,ESTADOS UNIDOS 3141,60,5,2038,2043,6,-34.6213754,-58.40986959999999
9353,ESC N°25 P A DE SARMIENTO,TARIJA 4136,60,5,2008,2017,10,-34.6298112,-58.4224596
9356,INST MATER TER ADMIRABILIS,24 DE NOVIEMBRE 827,60,5,2044,2051,8,-34.6207825,-58.4109016
4190,INSTITUTO SAN ANTONIO,MEXICO 4050,61,5,2052,2062,11,-34.6202971,-58.42323809999999
4217,ESC N°16 JOSE M RAMOS MEJIA,DON BOSCO 4200,61,5,2076,2088,13,-34.6138809,-58.42477859999999
5079,JARDIN DE INF INT CESAR COLL,HIPOLITO YRIGOYEN 4238,61,5,2063,2070,8,-34.6149412,-58.4265554
7880,INSTITUTO CARDOZO,HIPOLITO YRIGOYEN 4034,61,5,2071,2075,5,-34.6147852,-58.423534
9359,COLEGIO PIO IX,YAPEYU 197,61,5,2089,2095,7,-34.6144878,-58.4218265
4177,ESC N°22 MARTINA GURRUCHAGA,AV BOEDO 657,62,5,2104,2114,11,-34.6203745,-58.41662
4184,ESC N°4 SALVADOR M DEL CARRIL,QUINTINO BOCAYUVA 620,62,5,2096,2103,8,-34.6191892,-58.42241929999999
9363,COLEGIO PIO IX,YAPEYU 197,62,5,2115,2124,10,-34.6144878,-58.4218265
4239,INST SAN FRANCISCO DE SALES,HIPOLITO YRIGOYEN 3900,63,5,2125,2146,22,-34.6146958,-58.4216171
4293,ESC NAC DE CERAMICA N°1,BULNES 45,63,5,2152,2157,6,-34.6103843,-58.41860750000001
8645,COLEGIO MARIA AUXILIADORA,YAPEYU 132,63,5,2158,2170,13,-34.6137387,-58.42176689999999
8647,ESC N°18 ANTONIO BERMEJO,AV BELGRANO 3767,63,5,2171,2183,13,-34.61581049999999,-58.4195422
9366,ESC N°13 GRAL M ZAPIOLA,GRAL URQUIZA 227,63,5,2147,2151,5,-34.61307499999999,-58.41006689999999
4304,ESC N°18 ALEJANDRO CARBO,MARIO BRAVO 234,64,5,2198,2203,6,-34.6080017,-58.41745960000001
5321,ESC N°22 CARLOS J BENIELLI,SANCHEZ DE BUSTAMANTE 260,64,5,2204,2210,7,-34.606355,-58.41487919999999
6463,ESC Nº19 FRANCISCO BALCARCE,F ACUÑA DE FIGUEROA 850,64,5,2184,2197,14,-34.6011371,-58.4223156
8160,INSTITUTO TIERRA SANTA,SANCHEZ DE BUSTAMANTE 126,64,5,2230,2247,18,-34.60894,-58.4146137
8688,COLEGIO NAC N°3 M MORENO,AV RIVADAVIA 3577,64,5,2211,2229,19,-34.610888,-58.416839
4250,UTN FACULTAD REGIONAL BS AS,AV MEDRANO 951,65,5,2263,2272,10,-34.5985741,-58.4202802
4303,COLEGIO INMACULADA CONCEPCION,MARIO BRAVO 563,65,5,2248,2262,15,-34.6027873,-58.4165558
9150,INSTITUTO WILLIAM MORRIS,LAVALLE 3761,65,5,2273,2277,5,-34.5996679,-58.4185658
9369,INSTITUTO BENITO NAZAR,PALESTINA 1098,65,5,2278,2287,10,-34.5978839,-58.4249793
5086,COLEGIO GALILEO GALILEI,PALESTINA 748,66,5,2303,2310,8,-34.6020315,-58.4256749
5087,ESC Nº 7 JOSE MARIA TORRES,HUMAHUACA 4260,66,5,2288,2302,15,-34.601517,-58.4248104
8672,COLEGIO BETANIA,F ACUÑA DE FIGUEROA 855,66,5,2311,2316,6,-34.6010319,-58.42225
9157,ESCUELA ROSARIO VERA PEÑALOZA,PRINGLES 1165,66,5,2317,2326,10,-34.5983467,-58.4264892
4170,ESC N°23 GRAL MANUEL BELGRANO,PRINGLES 263,67,5,2327,2339,13,-34.6095302,-58.4275228
4173,INST PRIV ARG JAPONES (PRIM),YATAY 255,67,5,2367,2370,4,-34.6096412,-58.4290534
4218,ESC N°3 MANUEL SOLA,LAMBARE 975,67,5,2340,2348,9,-34.6030042,-58.4301889
4219,INST PRIV ARG JAPONES (SEC),PRINGLES 268,67,5,2371,2376,6,-34.6093765,-58.4276405
4246,ESC N°11 PCIA DE JUJUY,ROBERTO NUÑEZ 4355,67,5,2349,2357,9,-34.6034772,-58.4265222
5320,UNIV ARGENTINA J F KENNEDY,SARMIENTO 4562,67,5,2358,2366,9,-34.6041284,-58.4297485
8106,INSTITUTO CASA DE JESUS,YATAY 869/AV CORRIENTES 4471,67,5,2377,2386,10,-34.6036844,-58.3815591
4176,ESC N°15 GRAL J G DE ARTIGAS,DR ELEODORO LOBOS 437,68,6,2415,2421,7,-34.6128285,-58.4363464
4179,INSTITUTO DIVINO ROSTRO,LEOPOLDO MARECHAL 1041,68,6,2434,2439,6,-34.6060577,-58.4389783
4191,ESCUELA DEL NUEVO SOL,DR G ARAOZ ALFARO 373,68,6,2422,2427,6,-34.6154433,-58.4361445
4197,ESCUELA DE LA PAZ,VENANCIO FLORES 65,68,6,2428,2433,6,-34.6138257,-58.43142049999999
4211,ESC N°17 PTE URIBURU,AV ANGEL GALLARDO 246/250,68,6,2403,2414,12,-34.6039106,-58.43573979999999
4214,ESC N°7 DEL CENTENARIO,RIO DE JANEIRO 986,68,6,2387,2402,16,-34.6042159,-58.4321112
8466,UNIVERSIDAD DE MORON,DR. G. ARAOZ ALFARO 251,68,6,2440,2443,4,-34.61485740000001,-58.43446710000001
4154,INSTITUTO CALASANZ,SENILLOSA 810,69,6,2507,2521,15,-34.6260226,-58.4283942
4187,ESC N°3 PRIMERA JUNTA,AV RIVADAVIA 4817,69,6,2469,2479,11,-34.6168529,-58.43318900000001
4188,INSTITUTO SUMMA,YERBAL 67,69,6,2522,2527,6,-34.614672,-58.4315206
4213,ESC N°9 FLORENTINO AMEGHINO,AV LA PLATA 623,69,6,2480,2490,11,-34.622528,-58.42776259999999
4245,ESC DE COM N°19 JUAN MONTALVO,FORMOSA 136,69,6,2491,2506,16,-34.6208649,-58.4301097
5075,ESC Nº11 M T DE ALVEAR,AV JUAN B ALBERDI 163,69,6,2444,2457,14,-34.6224276,-58.43016489999999
8471,INSTITUTO SANTA MARIA,SENILLOSA 568,69,6,2458,2468,11,-34.6232122,-58.4289074
4198,ESC N°14 ERNESTO PADILLA,FELIPE VALLESE 835,70,6,2563,2571,9,-34.6130133,-58.4454298
4199,ESC N°20 TTE B MATIENZO,HIDALGO 635,70,6,2551,2559,9,-34.6122081,-58.4405672
8094,ESC TEC N°9 ING LUIS A HUERGO,MARTIN DE GAINZA 1050,70,6,2528,2550,23,-34.6087234,-58.4465601
8096,ESC N°10 ARQ M J BUSCHIAZZO,FELIPE VALLESE 975,70,6,2584,2587,4,-34.6141161,-58.4480529
8474,COLEGIO INTEGRAL CABALLITO,DR J F ARANGUREN 723,70,6,2572,2575,4,-34.6145893,-58.4427134
8477,ESC SUP ENFERMERIA C GRIERSON,J B AMBROSETTI 601,70,6,2576,2583,8,-34.6111049,-58.4380027
8480,ESC NAC N°29 M MERCANTE ARG,AV RIVADAVIA 5161,70,6,2560,2562,3,-34.6191935,-58.43852949999999
9072,ESC NORM SUP E S ZEBALLOS,AV RIVADAVIA 4950,70,6,2588,2601,14,-34.6178031,-58.435298
4141,ESC N°4 O DE E AMERICANOS,DEL BARCO CENTENERA 747,71,6,2639,2652,14,-34.6282434,-58.43995969999999
4144,INSTITUTO DR DAMASO CENTENO,AV RIVADAVIA  5546,71,6,2653,2668,16,-34.6216145,-58.4435605
4147,ESC N°14 JOAQUIN V GONZALEZ,AV PEDRO GOYENA 984,71,6,2669,2679,11,-34.6265485,-58.44141130000001
4194,ESC NAC N°29 M MERCANTE ARGENT,AV RIVADAVIA 5161,71,6,2602,2623,22,-34.6191935,-58.43852949999999
4210,LICEO N°12 FRAY M ESQUIU,AV JOSE M MORENO 345,71,6,2624,2638,15,-34.6221397,-58.4349304
8486,ESC N°8 ANTONIO SCHETTINO,AV JOSE MARIA MORENO 480,71,6,2680,2690,11,-34.6241912,-58.43449769999999
4472,INST REDEMETRIX CAPTIVORUM,ESPINOSA 1220,72,6,2702,2717,16,-34.609433,-58.4533804
4473,ESCUELA Nº19 GALICIA,LUIS VIALE 1052,72,6,2718,2724,7,-34.60820630000001,-58.4532985
4474,ESCUELA Nº11 JOSE I DE GORRITI,NICASIO OROÑO 1431,72,6,2725,2729,5,-34.6089514,-58.4582709
5154,ESC Nº8 PROVINCIA DE SAN JUAN,CNEL A FIGUEROA 1077,72,6,2691,2701,11,-34.6092279,-58.4529514
5059,INSTITUTO MONSEÑOR DILLON,ALTE J F SEGUI 863,73,6,2740,2751,12,-34.6036844,-58.3815591
5060,INSTITUTO SANTA BRIGIDA,AV GAONA 2068,73,6,2730,2739,10,-34.6127647,-58.4566222
5063,ESC Nº24 VIRGEN GENERALA,JUAN JOSE BIEDMA 459,73,6,2766,2774,9,-34.6192744,-58.45293479999999
8489,ESC COM N°3 HIPOLITO VIEYTES,AV GAONA 1502,73,6,2752,2765,14,-34.6094199,-58.4499169
9224,ESC PRIM N°25 REP DE GUATEMALA,MENDEZ DE ANDES 1451,73,6,2775,2779,5,-34.6176765,-58.4545456
4168,ESC Nº3 M A MONTES DE OCA,PUAN 360,74,6,2818,2823,6,-34.6268916,-58.4472069
4225,INSTITUTO MONSEÑOR SABELLI,VICTOR MARTINEZ 62,74,6,2841,2847,7,-34.6232152,-58.4453188
4226,UBA FAC DE FILOSOFIA Y LETRAS,PUAN 480,74,6,2780,2794,15,-34.6283412,-58.4466499
5066,INSTITUTO CULTURAL MARIANISTA,AV RIVADAVIA 5656,74,6,2795,2808,14,-34.6222673,-58.4450539
5067,INSTITUTO ARGENTINO EXCELSIOR,AV RIVADAVIA 6028,74,6,2809,2817,9,-34.6242201,-58.4503821
8492,ESC N°4 PTE DR ARTURO ILLIA,AV RIVADAVIA 6065,74,6,2824,2840,17,-34.6244351,-58.4510038
4719,INSTITUTO MEDALLA MILAGROSA,AV CURAPALIGUE 1155,75,7,2868,2876,9,-34.6363222,-58.44619429999999
5068,INSTITUTO WILLIAM DICKENS,AV CURAPALIGUE 1150,75,7,2860,2867,8,-34.6361121,-58.44633709999999
5069,ESC Nº7 NIÑAS DE AYOHUMA,AV ASAMBLEA 1221,75,7,2848,2859,12,-34.6358952,-58.44199609999999
4156,ESC N°22 ANTONIO ZINNY,SALAS 565,76,7,2900,2914,15,-34.6321176,-58.4341495
4157,CENTRO IFPP ADOLESCENTES Nº6,AV ASAMBLEA 153,76,7,2895,2899,5,-34.6314388,-58.4278839
5071,ESC Nº17 PROF R BERNARDELLI,ESTRADA 627,76,7,2915,2922,8,-34.6315807,-58.43384829999999
6589,ESC DE REC N°8 LUIS VERNET,HORTIGUERA 742,76,7,2877,2882,6,-34.6309952,-58.4437688
8861,ESC Nº1 CHACABUCO,AV EVA PERON 1502,76,7,2883,2894,12,-34.6333121,-58.4452944
4051,ESC DE FORM EDUC Y DEPORTIVA,AV LA PLATA 1707,77,7,2942,2947,6,-34.63491339999999,-58.42492540000001
4780,ESC N°21 JUAN J PASO,BEAUCHEF 1869,77,7,2955,2961,7,-34.6387024,-58.4304738
4783,ESC N°10 JUAN A MAZA,CACHIMAYO 1657,77,7,2948,2954,7,-34.6383237,-58.436228
4794,ESC N°15 PROVINCIA DE SALTA,SARAZA 1353,77,7,2923,2934,12,-34.6388597,-58.4366977
5137,ESC N°24 DR FLORIAN OLIVER,SARAZA 470,77,7,2935,2941,7,-34.6370145,-58.42531140000001
4737,ESC N°7 TTE MANUEL F ORIGONE,PUMACAHUA 1247,78,7,2972,2980,9,-34.638494,-58.4480692
5139,INSTITUTO SAN JUDAS TADEO,SOMELLERA 1720,78,7,2962,2971,10,-34.6438746,-58.4360757
8097,INSTITUTO MEDALLA MILAGROSA,AV CURAPALIGUE 1155,78,7,2991,2992,2,-34.6363222,-58.44619429999999
8864,ESC Nº 23 CANADA,CACHIMAYO 1735,78,7,2981,2990,10,-34.6391159,-58.4357913
4117,COLEGIO Nº9 J J DE URQUIZA,CONDARCO 290,79,7,2993,3012,20,-34.6279052,-58.46790240000001
4122,COLEGIO SCHONTHAL,AV NAZCA 537,79,7,3023,3034,12,-34.6258905,-58.4718075
4127,INST MONSEÑOR A DE SAN JOSE,FELIPE VALLESE 2549,79,7,3016,3022,7,-34.6216165,-58.4682832
8867,ESC MEDIA Nº1 JULIO CORTAZAR,BOGOTA 2759,79,7,3013,3015,3,-34.6268028,-58.46919190000001
4195,ESC Nº12 FACUNDO ZUVIRIA,FRANKLIN 1836,80,7,3058,3071,14,-34.6153526,-58.4607366
4200,ESC Nº5 JUAN B PEÑA,MANUEL R TRELLES 948,80,7,3035,3046,12,-34.6157402,-58.4600469
6657,ESC Nº5 REPUBLICA DEL SALVADOR,GRAL J DE ARTIGAS 878,80,7,3047,3057,11,-34.6207318,-58.46796750000001
4132,ESCUELA PARA EL HOMBRE NUEVO,GRANADEROS 168,81,7,3081,3084,4,-34.6256181,-58.4598852
5317,ESC N°15 CNEL C T SOURIGUES,J F ARANGUREN 2400,81,7,3072,3080,9,-34.6231584,-58.46500700000001
8870,ESC Nº 12 PROVINCIA DEL CHACO,AV AVELLANEDA 2547,81,7,3085,3098,14,-34.6248606,-58.4667926
8872,ESC Nº9 JOSE INGENIEROS,CNEL R L FALCON 2248,81,7,3099,3106,8,-34.6293987,-58.4599504
4110,INSTITUTO ANA MARIA JANER,AV J B ALBERDI 2555,82,7,3107,3119,13,-34.6318864,-58.4638716
4136,ESC Nº8 CNEL ING P A CERVIÑO,AV VARELA 358,82,7,3130,3138,9,-34.8055243,-58.25162709999999
5051,ESC Nº9 JOSE MARIA PAZ,CNEL R L FALCON 2934,82,7,3120,3129,10,-34.6323576,-58.46962629999999
8883,INST N SRA DE LA MISERICORDIA,CAMACUA 493,82,7,3139,3148,10,-34.6331371,-58.4562096
4133,ESC Nº19 LEANDRO N ALEM,FRAY CAYETANO RODRIGUEZ 95,83,7,3177,3188,12,-34.6277104,-58.4631448
4165,ESC Nº15 R O DEL URUGUAY,AV CARABOBO 253,83,7,3189,3204,16,-34.6298934,-58.4553366
4172,LICEO Nº5 PASCUAL GUAGLIANONE,AV CARABOBO 286,83,7,3205,3209,5,-34.6302347,-58.4549828
4185,INST NTRA SRA DE LOURDES,AV RIVADAVIA 6270,83,7,3161,3167,7,-34.6261492,-58.45496610000001
5316,INSTITUTO SAN JOSE DE FLORES,J BONIFACIO 2475,83,7,3149,3160,12,-34.6326884,-58.4623003
9282,INST G DE HONOR DEL S ROSARIO,LAUTARO 824,83,7,3168,3176,9,-34.6359971,-58.45350089999999
4105,ESC Nº12 RECONQUISTA,AV VARELA 753,84,7,3239,3242,4,-34.8055243,-58.25162709999999
4106,ESC Nº10 ING OCTAVIO S PICO,LAFUENTE 559,84,7,3228,3238,11,-34.6369185,-58.4654666
4107,ESC Nº16 SANTA CRUZ Y ESPEJO,PRIMERA JUNTA 3445,84,7,3221,3227,7,-34.6439267,-58.465
4148,ESC Nº6 DR C VAZ FERREIRA,AV VARELA 1040,84,7,3210,3220,11,-34.8055243,-58.25162709999999
4149,INSTITUTO NTRA SRA DE LUJAN,AV CARABOBO 967,85,7,3243,3248,6,-34.6371268,-58.451782
4162,INST G DE HONOR DEL S ROSARIO,LAUTARO 824,85,7,3249,3252,4,-34.6359971,-58.45350089999999
8879,ESC N 24 DR PEDRO A TORRES,LAUTARO 752,85,7,3253,3265,13,-34.6353792,-58.4538026
4717,INSTITUTO SANTA CLARA,ZUVIRIA 2660,86,7,3301,3313,13,-34.642877,-58.45592569999999
4722,ESC N°13 FRANCISCA JACQUES,LAUTARO 1440,86,7,3333,3344,12,-34.6416604,-58.4477406
4727,ESC N°4 BENJAMIN ZORRILLA,AV SAN PEDRITO 1415/1425,86,7,3266,3280,15,-34.6458503,-58.45752359999999
4735,COLEGIO ARMENIO ARZRUNI,JOSE MARTI 1580,86,7,3289,3300,12,-34.6469978,-58.460201
4739,ESC N°22 HIPOLITO BOUCHARD,AVELINO DIAZ 2356,86,7,3314,3322,9,-34.6430888,-58.45004420000001
5131,ESC N°23 GRAL SAVIO,AV SAN PEDRITO 1137,86,7,3281,3288,8,-34.6432983,-58.46028639999999
5152,EMEM N°3,AGUSTIN DE VEDIA 2519,86,7,3323,3332,10,-34.6480492,-58.4327768
4706,ESC N°17 GASPAR BENAVENTO,CORRALES 3420,87,8,3378,3387,10,-34.6650841,-58.4431809
4716,ESC N°18 JUAN B DE LA SALLE,CORRALES 3450,87,8,3388,3397,10,-34.6650841,-58.4431809
4821,ESC N°8 DR LUIS F LELOIR,AV INT FRANCISCO RABANAL 2275,87,8,3361,3370,10,-34.6595604,-58.4287966
4830,INSTITUTO CRISTO OBRERO,LAFUENTE 3242,87,8,3398,3407,10,-34.6631676,-58.43809719999999
4836,ESC N°9 DR JOSE B ZUBIAUR,CARLOS BERG 3460,87,8,3345,3351,7,-34.660854,-58.4282359
4839,ESC N°15 EVARISTO CARRIEGO,PORTELA 3150,87,8,3408,3417,10,-34.6621689,-58.44303309999999
4843,ESC N°14 M REMEDIOS DEL VALLE,AV INT FRANCISCO RABANAL 2751,87,8,3352,3360,9,-34.6630663,-58.4336634
5146,INSTITUTO SAN JOSE,CORRALES 3190,87,8,3371,3377,7,-34.6633668,-58.4410457
5148,INSTITUTO NTRA SRA DE FATIMA,PORTELA 2750,87,8,3418,3428,11,-34.6575967,-58.4486636
4703,COL MACNAB BERNAL SECUNDARIO,ITAQUI 6800,88,8,3449,3455,7,-34.6905336,-58.47624769999999
4761,COL MACNAB BERNAL PRIMARIO,AV F FERNANDEZ DE LA CRUZ 6880,88,8,3456,3464,9,-34.6901874,-58.4781491
4769,ESC N°16 DR SOFANOR CORVALAN,BERON DE ASTRADA 6351,88,8,3437,3448,12,-34.6919001,-58.4670443
5121,ESC N°13 ALFREDO LANARI,AV PIEDRABUENA 4863,88,8,3429,3436,8,-34.6872095,-58.476
5124,INSTITUTO SAGRADA FAMILIA,COSQUIN 4951,88,8,3465,3473,9,-34.6874045,-58.4739027
4705,ESC N°9 HECTOR PANIZZA,BERON DE ASTRADA 5920,89,8,3586,3597,12,-34.6888562,-58.46383069999999
4709,ESC N°3 CRISTOBAL COLON,LARRAZABAL 4051,89,8,3542,3552,11,-34.6764054,-58.4722093
4713,ESC N°6 REPUBLICA DE LA INDIA,NICOLAS DESCALZI 5425,89,8,3598,3606,9,-34.6837836,-58.46430529999999
4720,ESC N°4 PCIA DE TUCUMAN,AV RIESTRA 5030,89,8,3553,3562,10,-34.6718002,-58.4694317
4723,ESC N°10 ITALO A FORADORI,LARRAZABAL 5001,89,8,3501,3513,13,-34.683926,-58.46103470000001
4725,ESC DE BELLAS ARTES LOLA MORA,SOLDADO DE LA FRONTERA 5155,89,8,3487,3500,14,-34.6840897,-58.4647366
4733,ESC N°5 ARMADA ARGENTINA,AV LARRAZABAL 4520,89,8,3514,3526,13,-34.6800675,-58.46608740000001
4756,ESC N°15 DR CARLOS A VERONELLI,CAFAYATE 5388,89,8,3474,3486,13,-34.6885807,-58.46360319999999
4765,ENET N°13 JOSE LUIS DELPINI,CNEL M CHILAVERT 5460,89,8,3527,3541,15,-34.6791919,-58.46765850000001
5119,INSTITUTO CONCEJAL SALVATORI,CAFAYATE 5115,89,8,3563,3575,13,-34.6865136,-58.46631000000001
8447,INST PQUIAL C H MARIO F ALSINA,MARTINIANO LEGUIZAMON 4030,89,8,3576,3585,10,-34.6764806,-58.4778232
4701,ESC DE COM N°12 JUAN XXIII,AQUINO 6040,90,8,3668,3680,13,-34.677468,-58.4804133
4707,ESC N°21 SOLDADOS DE MALVINAS,GOLETA SANTA CRUZ 6999,90,8,3624,3637,14,-34.6799561,-58.4937977
4711,INSTITUTO NTRA SRA DE LA PAZ,AV PIEDRABUENA 3595,90,8,3645,3653,9,-34.6749551,-58.4910135
4714,ESC N°9 HOMERO MANZI,MIRALLA 2666,90,8,3681,3690,10,-34.6627619,-58.4820128
4729,INSTITUTO DON ORIONE,AV PIEDRABUENA 3848,90,8,3691,3700,10,-34.6768516,-58.48898800000001
4731,ESC N°20 DE RECUP A M DE JUSTO,GOLETA SANTA CRUZ 6997,90,8,3638,3644,7,-34.6799493,-58.4937746
4752,ESC N°11 PONCIANO VIVANCO,OLIDEN 2851,90,8,3654,3667,14,-34.6648213,-58.4895179
4773,ESC N°15 RCA ARGENTINA,AV CASTAÑARES 4689,90,8,3607,3623,17,-34.66579249999999,-58.4715127
5126,ESC DE COM N°6 AMERICA,AV ESCALADA 2890,90,8,3701,3717,17,-34.6645455,-58.4702229
8164,ESC N°22 STA M DE LOS BS AS,ECHEANDIA 5650,90,8,3727,3734,8,-34.6667499,-58.4858116
8451,ESC N°8 JUDITH Y D DEMARCHI,JOSE I RUCCI 3961,90,8,3718,3726,9,-34.6764458,-58.480566
4772,ESC N°8 REINO DE THAILANDIA,HOMERO 2159,91,9,3742,3750,9,-34.6586358,-58.4751403
4778,ESC N°5 ROBERTO BILLINGHURST,ZINNY 1641,91,9,3735,3741,7,-34.6521714,-58.471463
8919,ESC N°20 ANTONIO ALICE,B FERNANDEZ MORENO 3652,91,9,3751,3758,8,-34.6804191,-58.4328618
5024,INSTITUTO LUJAN PORTEÑO,FRANCISCO BILBAO 3476,92,9,3777,3783,7,-34.6415174,-58.469469
5025,ESC N°11 DR PEDRO GOYENA,GREGORIO DE LAFERRERE 3624,92,9,3770,3776,7,-34.6435384,-58.4698083
6639,ENET N°17 BRIG C SAAVEDRA,AV. LACARRA 535,92,9,3784,3797,14,-34.6399695,-58.48167729999999
8113,ENET N°23 CASAL CALVIÑO,AV LACARRA 621,92,9,3759,3769,11,-34.6405717,-58.4808951
4070,ESC Nº16 TOMAS LE BRETON,GRAL EUGENIO GARZON 4346,93,9,3798,3804,7,-34.6480579,-58.4817431
4073,INST NTRA SRA DE LOS REMEDIOS,FLORENTINO AMEGHINO 1441,93,9,3805,3821,17,-34.6500455,-58.47852570000001
5028,ESC N°24 S DE ELIA DE GIMENEZ,AV BRUIX 4620,94,9,3835,3843,9,-34.6462309,-58.4900074
8922,ENET N°8 P A DE SARMIENTO,PIO COLLIVADINO 436,94,9,3822,3834,13,-34.6399353,-58.48378270000001
8925,ESC N°21 PEDRO INCHAUSPE,RODO 4431,94,9,3850,3853,4,-34.6437828,-58.48666569999999
9230,ESC Nº 20 SGTO J B CABRAL,HOMERO 1157,94,9,3844,3849,6,-34.6488623,-58.4875724
4670,ESC Nº4 REPUBLICA DEL BRASIL,MANUEL ARTIGAS 5951,95,9,3869,3878,10,-34.6499625,-58.50293259999999
4677,ESC Nº3 EDUARDO L HOLMBERG,LARRAZABAL 1556,95,9,3894,3897,4,-34.6537599,-58.4994394
4686,LICEO Nº8 ESTEBAN ECHEVERRIA,MURGUIONDO 1568,95,9,3886,3893,8,-34.6532198,-58.5051628
4695,ESC Nº13 PROF VIEIRA MENDEZ,BRAGADO 5350,95,9,3898,3902,5,-34.6490655,-58.4974136
5212,INSTITUTO C DIVINA PASTORA,MANUEL ARTIGAS 6124,95,9,3879,3885,7,-34.651558,-58.5045009
9233,INST SAN PIO X,BASUALDO 780 ,95,9,3854,3868,15,-34.6450644,-58.4982848
4693,ESC Nº12 PBRO MONTES CARBALLO,LARRAYA 2055,96,9,3908,3914,7,-34.6574348,-58.49397320000001
4697,ESC Nº14 JOSE ANTONIO CABRERA,SAN PEDRO 5845,96,9,3915,3920,6,-34.6591157,-58.4926676
6759,ESC PATRIA GRANDE,CHASCOMUS 5598,96,9,3921,3927,7,-34.6539925,-58.4966037
8561,INSTITUTO PLACIDO MARIN,LARRAZABAL  1551,96,9,3928,3936,9,-34.6538254,-58.49951730000001
9238,ESC N°3 E L HOLMBERG,LARRAZABAL 1556,96,9,3903,3907,5,-34.6537599,-58.4994394
4678,ESC Nº14 ISLAS MALVINAS,AV DE LOS CORRALES 7040,97,9,3946,3955,10,-34.6661447,-58.5043938
4681,ESC N°6 PROF FELIPE BOERO,AV EVA PERON 7431,97,9,3937,3945,9,-34.6735457,-58.5008932
4690,ESC Nº 11 EMILIO VON BEHRING,AV CNEL CARDENAS 2652,97,9,3956,3959,4,-34.666682,-58.50223519999999
9395,ESC N°7 ARISTOBULO DEL VALLE,CARHUE 2157,97,9,3960,3964,5,-34.6607473,-58.5102516
9415,INSTITUTO SAN FELIPE NERI,ANDALGALA 2264,97,9,3965,3972,8,-34.6619379,-58.5067133
4661,ESC Nº16 DR M LEGUIZAMON,MARTINIANO LEGUIZAMON 1470,98,9,3973,3982,10,-34.6525139,-58.5083127
4672,ESC Nº7 ARISTOBULO DEL VALLE,CARHUE 2157,98,9,3983,3988,6,-34.6607473,-58.5102516
4675,INSTITUTO MARIA ANA MOGAS,GUAMINI 1850,98,9,3989,3998,10,-34.6583888,-58.514727
5217,INST LUJAN DE LOS PATRIOTAS,AV EMILIO CASTRO 7154,98,9,3999,4015,17,-34.6535576,-58.518597
8544,ESC Nº13 RCA DE FILIPINAS,COSQUIN 1943,98,9,4016,4020,5,-34.6583203,-58.5099728
9404,ESC DANZA N°1 NELLY RAMICONI,FONROUGE 711,98,9,4021,4035,15,-34.6453643,-58.50780569999999
4738,ESC Nº1 DE LA INDEP ARGENTINA,GUAMINI 1167,99,9,4045,4052,8,-34.6521258,-58.5229486
5221,INSTITUTO SAN JOSE (PRIMARIA),AV E CASTRO 6351,99,9,4060,4067,8,-34.6497677,-58.51078880000001
5618,ESC Nº10 ALFONSINA STORNI,LISANDRO DE LA TORRE 1171,99,9,4053,4059,7,-34.6509386,-58.5151112
9241,INST SAN JOSE (SECUNDARIO),MURGUIONDO 1065,99,9,4036,4044,9,-34.6492511,-58.5111734
4724,ESC Nº9 JOSE MARIA TORRES,AV LARRAZABAL 420,100,9,4093,4100,8,-34.6434535,-58.51192669999999
4726,ESC Nº8 D VELEZ SARSFIELD,FONROUGE 370,100,9,4074,4079,6,-34.6423653,-58.51213920000001
4730,ESC Nº18 REPUBLICA DE COREA,MURGUIONDO 76,100,9,4085,4092,8,-34.6400118,-58.51862039999999
4746,ESC DE COM Nº32 JOSE L SUAREZ,ACASUSSO 5860,100,9,4080,4084,5,-34.6440531,-58.50876229999999
8120,INST NTRA SRA DE LAS NIEVES,VENTURA BOSCH 6651,100,9,4101,4106,6,-34.6425118,-58.52006349999999
9246,ESC Nº15 RCA ISLAMICA PAKISTAN,LISANDRO DE LA TORRE 550,100,9,4068,4073,6,-34.6450085,-58.5204225
4721,ESC Nº22 PCIA DE SANTA CRUZ,CUZCO 116,101,9,4114,4120,7,-34.6381199,-58.5278331
4728,ESC Nº20 M SANCHEZ DE LORIA,BARRAGAN 366,101,9,4121,4127,7,-34.6363426,-58.522945
4732,ESC Nº4 GRAL FELIX DE OLAZABAL,RAMON L FALCON 6702,101,9,4128,4132,5,-34.6402505,-58.5211513
4734,ESC Nº17 CARLOS MOREL,IBARROLA 7249,101,9,4133,4137,5,-34.6416674,-58.52826870000001
4736,ESC Nº3 REPUBLICA FRANCESA,MONTIEL 153,101,9,4153,4157,5,-34.6409479,-58.526309
4744,INSTITUTO SAN CAYETANO,CUZCO 176,101,9,4147,4152,6,-34.6376044,-58.5278966
5237,INSTITUTO DR D VELEZ SARSFIELD,RESERVISTAS ARGENTINOS 249,101,9,4138,4146,9,-34.63608809999999,-58.52170400000001
9249,ESC Nº2 DR F MELITON ALVAREZ,MONTIEL 1041,101,9,4107,4113,7,-34.6506377,-58.5256766
4801,ESCUELA N°16 J F KENNEDY,BRUSELAS 721,102,10,4158,4168,11,-34.6292566,-58.5225447
4804,ESCUELA N°25 ESTADOS UNIDOS,BRUSELAS 785,102,10,4169,4177,9,-34.6283727,-58.52282359999999
4809,ESC Nº14 GUILLERMO M HUDSON,ARREGUI 6840,102,10,4184,4189,6,-34.6293236,-58.5284156
5228,ESCUELA N°24 MAIPU,GALLARDO 521,102,10,4178,4183,6,-34.6327462,-58.5245913
8570,ESCUELA N°1 MARTIN FIERRO,MARTIN FIERRO 5351,102,10,4190,4195,6,-34.6234331,-58.51389510000001
5226,ESC CRIST EVANGELICA ARGENTINA,IRIGOYEN 2150,103,10,4206,4221,16,-34.621697,-58.5251899
5239,ESCUELA N°14 SIMON BOLIVAR,TINOGASTA 5768,103,10,4196,4205,10,-34.6210113,-58.52544109999999
8573,ENET N°35 EDUARDO LATZINA,AV LOPE DE VEGA 2150,103,10,4222,4232,11,-34.62062,-58.5164383
4797,ENET Nº27 HIPOLITO YRIGOYEN,VIRGILIO 1980,104,10,4241,4251,11,-34.6212278,-58.5176929
4800,ESCUELA N°2 ALEJANDRO AGUADO,CERVANTES 1911,104,10,4233,4240,8,-34.6218365,-58.5091186
4807,ESC Nº18 GENDARMERIA NACIONAL,JUAN A GARCIA 5265,104,10,4252,4257,6,-34.627103,-58.5067989
5234,ESC CRIST DE LA PUERTA ABIERTA,SANTO TOME 5130,104,10,4258,4264,7,-34.6198214,-58.51250899999999
5238,ESC NAC DE COM N°33 MAIPU,AV ALVAREZ JONTE 5075,104,10,4265,4267,3,-34.6216619,-58.50871009999999
4754,ESC Nº29 EDUCACION ESPECIAL,CHIVILCOY 1820,105,10,4278,4286,9,-34.6173189,-58.49584280000001
4805,ESCUELA N°9 PCIA DE MISIONES,LASCANO 4044,105,10,4268,4277,10,-34.6143901,-58.4983424
4817,ESC N°24 ROBERTO M ORTIZ,BAHIA BLANCA 2535,105,10,4315,4320,6,-34.6103918,-58.5009526
4820,ESCUELA N°3 MONTE CASTRO,AV ALVAREZ JONTE 4651,105,10,4287,4293,7,-34.6188625,-58.5041068
4827,ESC N°17 TTE GRAL L M CAMPOS,SANTO TOME 4529,105,10,4294,4300,7,-34.6153812,-58.50565
5240,INSTITUTO SAN RAFAEL,BENITO JUAREZ 2159,105,10,4301,4311,11,-34.6196576,-58.5045029
8579,COLEGIO NUEVOS AIRES,BAHIA BLANCA 2246,105,10,4312,4314,3,-34.6134605,-58.4982428
4819,ESC Nº30 DR ESTEBAN A GASCON,SAN BLAS 5387,106,10,4321,4332,12,-34.6306904,-58.50896079999999
5232,INST SACRATISIMO CORAZON JESUS,MOLIERE 856,106,10,4333,4338,6,-34.6310121,-58.5067391
5236,INST N S DEL BUEN Y P SOCORRO,IRIGOYEN 1143,106,10,4339,4347,9,-34.629809,-58.5144633
8582,ESC N°10 ADA MARIA ELFLEIN,DR LUIS BELAUSTEGUI 4949,106,10,4348,4353,6,-34.6309135,-58.4988727
4056,ESC MODELO DOMINGO F SARMIENTO,AV RIVADAVIA 9441,107,10,4385,4388,4,-34.6369698,-58.49718240000001
4058,ESC Nº7 RCA ARABE DE EGIPTO,AV RIVADAVIA 9799,107,10,4354,4360,7,-34.6377672,-58.5020145
4060,ESC Nº8 BASE AEREA VC MARAMBIO,YERBAL 4965,107,10,4393,4407,15,-34.6359864,-58.4958859
4063,ESC Nº6 CARLOS GUIDO SPANO,RAMON L FALCON 4801,107,10,4374,4379,6,-34.6380742,-58.4948182
4064,ESC Nº1 PROF JOSE ONAINDIA,RAFAELA 5159,107,10,4361,4366,6,-34.6400018,-58.4998806
5027,ESC N°7 RECUERDOS DE PROVINCIA,AV JUAN B ALBERDI 4755,107,10,4367,4373,7,-34.6436561,-58.4930547
5224,ESC N°12 PROF RAMON GENE,GARCIA DE COSSIO 5570,107,10,4380,4384,5,-34.6403181,-58.5088526
9264,INSTITUTO SANTISIMO SACRAMENTO,BACACAY 4896,107,10,4389,4392,4,-34.634613,-58.4954688
4823,ESCUELA DE DANZAS JORGE DONN,A MAGARIÑOS CERVANTES 5068,108,10,4422,4427,6,-34.6293621,-58.503829
5169,ESC N°4 CASIMIRO A MACIEL,MARCOS PAZ 1732,108,10,4415,4421,7,-34.6236916,-58.5014041
5233,ESCUELA DE CERAMICA ARRANZ,A MAGARIÑOS CERVANTES 5068,108,10,4428,4430,3,-34.6293621,-58.503829
7764,INSTITUTO SAN RAMON NONATO,CERVANTES 1168,108,10,4408,4414,7,-34.62787530000001,-58.501324
8591,ESCUELA N°15 MANUEL PEÑA,SEGUROLA 1104,108,10,4431,4434,4,-34.6256295,-58.49287859999999
9267,INSTITUTO ANGELA COPELLO,JUAN B JUSTO 7525,108,10,4435,4441,7,-34.6297358,-58.4954233
4017,INSTITUTO NTRA SRA DEL MILAGRO,MARIANO ACOSTA 195/ RAFAELA 865,109,10,4475,4484,10,-34.6036844,-58.3815591
4034,ESCUELA N°1 JOSE A FERREYRA,FALCON 4126,109,10,4453,4463,11,-34.635956,-58.48473869999999
4038,ESC N°2 MAXIMIO SABA VICTORIA,FALCON 4151,109,10,4464,4474,11,-34.6359731,-58.4854428
4039,ESC Nº3 A MEDONE DE CAVIGLIA,MARIANO ACOSTA 45,109,10,4485,4491,7,-34.6344491,-58.48178590000001
5026,SEMINARIO I T BAUTISTA,FALCON 4080,109,10,4492,4496,5,-34.6357427,-58.48402409999999
9270,INST JUAN B BERTHIER,BACACAY 4723,109,10,4442,4452,11,-34.6341917,-58.49297290000001
4757,ESCUELA N°11 RCA DEL PERU,AV GAONA 4763,110,10,4515,4517,3,-34.6274757,-58.4897354
4759,ESC Nº10 CNEL DE MAR L ROSALES,MERCEDES 1405,110,10,4497,4507,11,-34.62159949999999,-58.4922859
4762,ESCUELA N°16 ERNESTO A BAVIO,BAHIA BLANCA 1551,110,10,4508,4514,7,-34.6197052,-58.49093980000001
4771,ESCUELA N°19 DR PEDRO I RIVERA,SAN BLAS 4356,110,10,4523,4526,4,-34.6218913,-58.4965807
5165,ESCUELA N°13 CNEL J A MELIAN,CAMARONES 4351,110,10,4518,4522,5,-34.6226509,-58.4956026
4032,ESCUELA N°24 PADRE CASTAÑEDA,MORON 3745,111,10,4533,4538,6,-34.626725,-58.4826126
5336,ESCUELA N°9 M FERNANDEZ,BACACAY 3542,111,10,4527,4532,6,-34.6304529,-58.4781507
7943,COLEGIO Nº18 DR A LARROQUE,MORON 4149,111,10,4539,4548,10,-34.6281574,-58.4883671
9274,ESC 23 REP DE PORTUGAL,GUALEGUAYCHU 550,111,10,4549,4561,13,-34.629484,-58.48646959999999
4018,ESC Nº19 FRAGATA ARA LIBERTAD,JOSE BONIFACIO 3650,112,10,4562,4566,5,-34.6373317,-58.4765084
4024,COLEGIO NTRA SRA DE LA PAZ,PERGAMINO 53,112,10,4567,4576,10,-34.632869,-58.4743399
9279,ESC 3 E GIMENEZ ZAPIOLA,JOAQUIN V GONZALEZ 180,112,10,4577,4586,10,-34.6311112,-58.47981859999999
4755,INSTITUTO SANTA RITA,P ALBARRACIN DE SARMIENTO 3436,113,11,4587,4598,12,-34.6153252,-58.4873795
4774,ESC Nº18 T N TIERRA DEL FUEGO,JULIO S DANTAS 3260,113,11,4599,4605,7,-34.6109816,-58.4882521
8124,INSTITUTO JUAN B JUSTO,LASCANO 3840,113,11,4606,4609,4,-34.6129161,-58.4959609
8125,ESCUELA N°11 ANDRES BELLO,DR LUIS BELAUSTEGUI 3751,113,11,4610,4613,4,-34.6223214,-58.4867247
8970,INSTITUTO CARLOS STEEB,CAMARONES 3166,113,11,4614,4623,10,-34.6141772,-58.48393309999999
4932,ESC Nº17 C DE RODRIGUEZ PEÑA,CERVANTES 2865,114,11,4643,4645,3,-34.6149521,-58.5181529
4941,ESCUELA N°7 RCA DE MEXICO,JUAN A GARCIA 2755,114,11,4624,4635,12,-34.6094542,-58.4804169
4946,ESCUELA N°7 JORGE NEWBERY,SAN BLAS 2962,114,11,4636,4642,7,-34.6118159,-58.4821316
4949,ESC Nº25 GRAL ALFREDO D ZUNDA,REMEDIOS ESCALADA 2986,114,11,4652,4663,12,-34.6160105,-58.4792363
8611,ESC N°8 QUINTINO BOCAYUVA,GRAL CESAR DIAZ 3050,114,11,4664,4671,8,-34.6154655,-58.48095350000001
9165,ESCUELA N°14 ENRIQUE PARKER,CONDARCO 1129,114,11,4646,4651,6,-34.6188758,-58.47185
4904,ESCUELA N°12 DE RECUPERACION,GAVILAN 1464,115,11,4684,4687,4,-34.6133887,-58.4678783
4938,INST N S DE LA SAGRADA FAMILIA,GRAL J G DE ARTIGAS 1276,115,11,4688,4700,13,-34.6160038,-58.47055160000001
8614,ESCUELA N°6 ALFREDO PALACIOS,CARACAS 2057,115,11,4701,4707,7,-34.6078949,-58.4736054
9168,ESCUELA N°4 PCIA DE LA PAMPA,CARACAS 1249,115,11,4672,4683,12,-34.616176,-58.4671935
4898,ESC Nº18 COMODORO C URTUBEY,A MAGARIÑOS CERVANTES 1556,116,11,4724,4729,6,-34.6053225,-58.4630328
4907,ESCUELA N°9 JAPON,SANCHEZ 1858,116,11,4736,4745,10,-34.6069961,-58.46563270000001
4910,ESC Nº16 FRAY J STA M DE ORO,AV ALVAREZ JONTE 1964,116,11,4717,4723,7,-34.6035938,-58.4712502
4917,ESC Nº13 LEOPOLDO MARECHAL,GALICIA 1857,116,11,4730,4735,6,-34.6116895,-58.4631
4919,INSTITUTO CABRINI,GRAL CESAR DIAZ 2076,116,11,4708,4716,9,-34.6092666,-58.4690601
9171,ESC DE COM N°17 S M DE BS AS,FRAGATA PRESIDENTE SARMIENTO 1817,116,11,4746,4757,12,-34.6048027,-58.45979140000001
4935,ESC Nº24 FRANCISCO BEIRO,BOLIVIA 2569,117,11,4792,4800,9,-34.6040026,-58.48189540000001
4940,ESC Nº10 ERNESTO GALLONI,HELGUERA 2435,117,11,4787,4791,5,-34.6067669,-58.4888752
4947,ESC N°21 R GRAL SAN MARTIN,SANTO TOME 2836,117,11,4769,4775,7,-34.6045106,-58.4866421
5271,ESCUELA N°1 DR DELLEPIANE,BAIGORRIA 3169,117,11,4758,4768,11,-34.6044601,-58.49225689999999
5273,ESC N°3 POLICIA FEDERAL ARG,ARGERICH 2849,117,11,4776,4782,7,-34.6035307,-58.4895839
5283,ESC N°26 D DE VEDIA DE MITRE,CARACAS 2372,117,11,4783,4786,4,-34.6052252,-58.47572
8374,COLEGIO SANTISIMA VIRGEN NIÑA,CUENCA 2651,117,11,4801,4809,9,-34.6051687,-58.492259
4864,ESC Nº2 PROF JUAN JOSE MILLAN,HELGUERA 3228,118,11,4828,4832,5,-34.5994906,-58.49478850000001
5268,COLEGIO NUEVO PENSAR,NOGOYA 2620,118,11,4810,4816,7,-34.5999073,-58.4866796
7768,INSTITUTO EVANGELICO AMERICANO,HELGUERA 3246,118,11,4839,4843,5,-34.5993251,-58.49511099999999
8617,ESCUELA N°17 R RIVAROLA,HELGUERA 3341,118,11,4817,4827,11,-34.5983608,-58.4955944
9174,ESCUELA N°8 ALTE BCO ENCALADA,EMILIO LAMARCA 3379,118,11,4833,4838,6,-34.6010297,-58.5034093
9176,INST S J DE VILLA DEL PARQUE,PEDRO LOZANO 3151,118,11,4844,4850,7,-34.6009144,-58.4945573
4802,ENET N°24 DEFENSA DE BS AS,RICARDO GUTIERREZ 3246,119,11,4851,4862,12,-34.6018034,-58.49589249999999
6902,ESCUELA Nº11 DR JOSE PERALTA,PEDRO LOZANO 4250,119,11,4863,4873,11,-34.6081994,-58.5066008
7955,G.E.V.P.,TINOGASTA 3455,119,11,4878,4885,8,-34.6020933,-58.4985361
8620,CLUB SOCIAL Y DEP P LOZANO,GUALEGUAYCHU 2902,119,11,4898,4899,2,-34.6085813,-58.50726599999999
8629,ESCUELA N°16 ESPAÑA,CONCORDIA 3555,119,11,4900,4902,3,-34.5994892,-58.50259980000001
9179,INSTITUTO JUAN B JUSTO,LASCANO 3840,119,11,4886,4888,3,-34.6129161,-58.4959609
9200,COLEGIO PRESENCIA VILLA DEVOTO,GUALEGUAYCHU 3152,119,11,4889,4897,9,-34.606319,-58.509337
9203,ESC EDUC ESP N°2 D F SARMIENTO,PEDRO LOZANO 3056,119,11,4874,4877,4,-34.6002135,-58.49331910000001
4813,ESC N°4 R RUIZ DE LOS LLANOS,AV FRANCISCO BEIRO 4548,120,11,4945,4949,5,-34.6078316,-58.51475629999999
4866,VILLA DEVOTO SCHOOL,PEDRO MORAN 4441/4447,120,11,4929,4937,9,-34.6046694,-58.5155576
4872,COLEGIO NAC N°19 LUIS PASTEUR,NAVARRO 4344,120,11,4903,4910,8,-34.6053354,-58.51288090000001
5248,ESCUELA DEL MIRADOR,FERNANDEZ DE ENCISO 3565,120,11,4913,4922,10,-34.6061653,-58.51343860000001
7771,UNION DEVOTO SOC ALLENDE,MELINCUE 4656,120,11,4950,4957,8,-34.6128216,-58.51044849999999
8632,ESCUELA N°9 BENITO JUAREZ,BENITO JUAREZ 2702,120,11,4938,4944,7,-34.6146628,-58.5095926
9206,CLUB SOCIAL Y DEP PEDRO LOZANO,GUALEGUAYCHU 2902,120,11,4923,4928,6,-34.6085813,-58.50726599999999
9209,ESCUELA N°20 PEDRO MEDRANO,NUEVA YORK 4713,120,11,4911,4912,2,-34.6053982,-58.52023989999999
4798,ESCUELA N°16 PADRE A NORES,CNEL RAMON LISTA 5256,121,11,4958,4969,12,-34.6140368,-58.5235368
4812,ESCUELA N°6 ESTADO DE ISRAEL,CALDERON DE LA BARCA 3073,121,11,4981,4987,7,-34.613689,-58.5226319
4818,ESCUELA N°22 PROF PEDRO L COMI,TINOGASTA 5046,121,11,4988,4992,5,-34.6140526,-58.5177268
4851,ESC N°19 FRANKLIN ROOSEVELT,AV SALVADOR M DEL CARRIL 4957,121,11,4970,4980,11,-34.6067849,-58.5242787
4869,ESCUELA N°20 PEDRO MEDRANO,NUEVA YORK 4713,121,11,4993,4996,4,-34.6053982,-58.52023989999999
5230,INSTITUTO SAN RAFAEL,SIMBRON 5275,121,11,4997,5001,5,-34.6159301,-58.5216477
5242,ESCUELA N°15 ANTONIO DEVOTO,AV S M DEL CARRIL 4172,122,11,5030,5041,12,-34.5985877,-58.52329119999999
5245,EMEM N°3 ANTONIO DEVOTO,MERCEDES 4002,122,11,5011,5019,9,-34.6006304,-58.5124948
8638,INSTITUTO CARDENAL COPELLO,NUEVA YORK 3433,122,11,5020,5029,10,-34.5958105,-58.50471270000001
9212,INST N SRA DE LA MISERICORDIA,ASUNCION 3780,122,11,5002,5010,9,-34.5993229,-58.5084987
4876,ESCUELA N°8 SAN JUAN BOSCO,MERCEDES 4966,123,11,5074,5076,3,-34.5931162,-58.51915109999999
4895,ESCUELA N°2 RCA DE PANAMA,AV SAN MARTIN 6387,123,11,5048,5056,9,-34.5938918,-58.50496070000001
4896,INSTITUTO SAN JOSE,AV SAN MARTIN 6832,123,11,5068,5073,6,-34.5920225,-58.5101206
4905,ESCUELA N°5 GABRIELA MISTRAL,JOSE LEON CABEZON 3446,123,11,5057,5062,6,-34.5873825,-58.5123986
5257,ESCUELA N°15 RCA DE VENEZUELA,OBISPO SAN ALBERTO 3370,123,11,5063,5067,5,-34.5860054,-58.51192169999999
8764,ESCUELA N°16 RICARDO ROJAS,GABRIELA MISTRAL 3376,123,11,5077,5082,6,-34.5909649,-58.5076715
9215,ESC N°1 DR DELFIN GALLO,FERNANDEZ DE ENCISO 4451,123,11,5042,5047,6,-34.5949624,-58.51142979999999
4879,INSTITUTO DAMASA Z DE SAAVEDRA,AV ALBARELLOS 2367,124,12,5095,5107,13,-34.5738974,-58.5039443
4893,ESC N°13 HILARION M MORENO,GRAL J G DE ARTIGAS 5645,124,12,5108,5116,9,-34.5759917,-58.50441720000001
4922,EMEM N°1 R WALSH,ARGERICH 5651,124,12,5089,5094,6,-34.5794993,-58.51022760000001
5249,INSTITUTO POLITECNICO MODELO,AV DE LOS CONSTITUYENTES 5880,124,12,5083,5088,6,-34.5729483,-58.5039521
8498,ESC N°23 B ROLDAN,FRANCO 2390,124,12,5121,5130,10,-34.5779197,-58.5007763
9075,ESC N°24 EJERCITO ARGENTINO,AV NAZCA 5168,124,12,5117,5120,4,-34.5825478,-58.5055741
4897,ESC N°16 DE RECUPERACION,AV GRAL MOSCONI 2641,125,12,5148,5155,8,-34.5844385,-58.4992336
4912,INSTITUTO NTRA SRA DEL HUERTO,AV GRAL MOSCONI 3022,125,12,5139,5147,9,-34.5872643,-58.5037667
4916,ESC N°17 G M Y R S MARTIN,VALLEJOS 2555,125,12,5131,5138,8,-34.5854418,-58.496939
8055,ESC N°19 T S DE BUSTAMANTE,GAVILAN 4246,125,12,5171,5177,7,-34.5846561,-58.491322
8502,ESC N° 24 EJERCITO ARGENTINO,AV NAZCA 5168,125,12,5156,5158,3,-34.5825478,-58.5055741
8505,ESCUELA DE ENSEÑANZA MEDIA N°2,ZAMUDIO 4386,125,12,5159,5170,12,-34.5851471,-58.49438049999999
8508,ESC N°14 LEOPOLDO LUGONES,JURAMENTO 5775,125,12,5178,5179,2,-34.5820389,-58.4895951
9078,ESCUELA N°22 REP DE NICARAGUA,BAZURCO 2551,125,12,5180,5190,11,-34.5782928,-58.50328059999999
4939,ESC N°12 CARDENAL PACELLI,CRISOLOGO LARRALDE 5934,126,12,5199,5207,9,-34.5666926,-58.5030376
4942,ESC N°18 H LARROQUE DE ROFFO,MEDEYROS 3555,126,12,5191,5198,8,-34.5692266,-58.5069102
4967,ESC N°17 GAUCHOS DE GUEMES,JOSE P TAMBORINI 5324,126,12,5208,5214,7,-34.5674498,-58.4940885
5258,ESC Nº6 LUIS PASTEUR,NAHUEL HUAPI 5740,126,12,5222,5232,11,-34.5753132,-58.4962392
5259,ESC N°9 REPUBLICA DE IRLANDA,IBERA 5734,126,12,5215,5221,7,-34.5709469,-58.49792229999999
7773,CLUB SOC Y DEP SIN RUMBO,J P TAMBORINI 6157,126,12,5233,5236,4,-34.5724864,-58.5038407
9218,ESCUELA N°19 NACIONES UNIDAS,R.YRURTIA 5806/C. PELLEGRINI,126,12,5237,5241,5,-34.6036844,-58.3815591
4945,INST TOMAS DEVOTO,F D ROOSEVELT 5678,127,12,5242,5247,6,-34.5771539,-58.4935503
4954,COLEGIO N°12 RECONQUISTA,AV TRIUNVIRATO 4992,127,12,5248,5255,8,-34.5724146,-58.488819
4956,ESC N° 10 DR RAMON J CARCANO,BUCARELLI 1950,127,12,5295,5301,7,-34.580065,-58.4844502
4957,ESC N°9 DOMINGUITO,ECHEVERRIA 5034,127,12,5269,5276,8,-34.5787456,-58.4807157
4959,INSTITUTO BEATA IMELDA,ANDONAEGUI 2261,127,12,5256,5261,6,-34.5775149,-58.4887527
5263,COLEGIO SAINT JEAN,MONROE 5352,127,12,5285,5290,6,-34.5758746,-58.48886889999999
5267,COL CONSERVACION DE LA FE N°8,BAUNESS 2635,127,12,5262,5268,7,-34.5730889,-58.4890972
5332,INSTITUTO SAGRADA FAMILIA,BLANCO ENCALADA 5154,127,12,5277,5284,8,-34.5760004,-58.48709900000001
8010,INST NTRA SRA DEL CARMEN,CULLEN 5193,127,12,5306,5308,3,-34.5734321,-58.4889043
8517,CIRCULO GRAL URQUIZA,F D ROOSEVELT 5345,127,12,5302,5305,4,-34.5751732,-58.48998030000001
9081,ESC N°14 LEOPOLDO LUGONES,JURAMENTO 5775,127,12,5291,5294,4,-34.5820389,-58.4895951
4965,ESCUELA N°1 CORONEL OLAVARRIA,AV TRIUNVIRATO 5101,128,12,5309,5317,9,-34.5716761,-58.48968840000001
4968,ESC N°11 FRAY LUIS BELTRAN,CAPDEVILA 3156,128,12,5318,5324,7,-34.5682243,-58.4914983
4970,ESC N°3 RCA DE COSTA RICA,MANUELA PEDRAZA 4548,128,12,5325,5334,10,-34.5619761,-58.485586
5285,SUNDERLAND CLUB,LUGONES 3161,128,12,5335,5341,7,-34.5649002,-58.48506789999999
8520,ESC N° 15 MANUEL A ACEVEDO,TRONADOR 2861,128,12,5347,5358,12,-34.5644629,-58.47882749999999
9084,ESCUELA N°24 FRANCISCO MORAZAN,DR PEDRO IGNACIO RIVERA 4151,128,12,5359,5362,4,-34.5667104,-58.47851319999999
9221,COLEGIO CRISTO REY,QUESADA 5228,128,12,5342,5346,5,-34.5689898,-58.4913026
4953,ESC N°2 JUANA MANUELA GORRITI,AV TRIUNVIRATO 4857,129,12,5363,5372,10,-34.5732508,-58.4876728
4958,COLEGIO HORACIO WATSON,DIAZ COLODRERO 2431,129,12,5406,5412,7,-34.5735229,-58.4857086
4982,ESC N°8 JORGE ANGEL BOERO,JURAMENTO 4849,129,12,5427,5433,7,-34.5759515,-58.4801136
4983,ESC N°4 PCIA DE BUENOS AIRES,AV ALVAREZ THOMAS 3391,129,12,5394,5399,6,-34.5703692,-58.4843917
4984,ESC N°21 LIC JUSTO J NUÑEZ,MARIANO ACHA 2250,129,12,5388,5393,6,-34.5721818,-58.47720090000001
4985,UBA CBC SEDE DRAGO,HOLMBERG 2614,129,12,5373,5387,15,-34.5679158,-58.47815079999999
4988,INSTITUTO SAN VICENTE PALLOTI,ECHEVERRIA 3920,129,12,5413,5416,4,-34.571903,-58.47079360000001
4989,INSTITUTO HIJAS DE JESUS,OLAZABAL 3849,129,12,5422,5426,5,-34.5691609,-58.47334219999999
4991,ESC N°18 JOSE HERNANDEZ,LA PAMPA 3855,129,12,5400,5405,6,-34.5731821,-58.4685603
8014,ESC Nº16 EJERCITO DE LOS ANDES,AV TRIUNVIRATO 4247,129,12,5417,5421,5,-34.57787810000001,-58.4807074
4994,ESC N°22 FELIX DE AZARA,J P TAMBORINI 3948,130,12,5434,5446,13,-34.5606813,-58.48016549999999
4995,INST STA MARIA DE LOS ANGELES,MANUELA PEDRAZA 3978,130,12,5457,5472,16,-34.5592206,-58.4803019
4996,INSTITUTO NTRA SRA DEL CARMEN,ROQUE PEREZ 2786,130,12,5473,5484,12,-34.5623359,-58.4729809
5289,INSTITUTO SANTA CLARA DE ASIS,MANUELA PEDRAZA 3850,130,12,5447,5456,10,-34.558586,-58.47911819999999
4966,ESC N°19 NACIONES UNIDAS,R YRURTIA 5806,131,12,5485,5493,9,-34.5633479,-58.50237600000001
9087,ESC N°12 ESPAÑA,VALDENEGRO 3525,131,12,5494,5498,5,-34.5618766,-58.49023959999999
9090,ESC DULCISIMO NOMBRE DE JESUS,CRISOLOGO LARRALDE 4841,131,12,5499,5501,3,-34.5605387,-58.49038749999999
4971,ESC N°14 DR VICENTE C GALLO,DEHEZA 4728,132,12,5530,5539,10,-34.551339,-58.4954737
4974,ESC N°13 DR IGNACIO ALBARRACIN,MARIANO ACHA 4452,132,12,5545,5549,5,-34.5526532,-58.49290229999999
4993,ESC N°25 REPUBLICA DE TURQUIA,RUIZ HUIDOBRO 3853,132,12,5502,5516,15,-34.5507001,-58.48650929999999
4997,ESC N°14 DEL BARCO CENTENERA,ROQUE PEREZ 3545,132,12,5517,5529,13,-34.5556366,-58.4780892
5291,EMEM Nº5 MONSEÑOR E ANGELELLI,TRONADOR 4134,132,12,5540,5544,5,-34.5527924,-58.486699
8535,ESC N° 18 J B TERAN,ARIAS 4763,132,12,5550,5556,7,-34.5522002,-58.49514749999999
9093,ESC N°21 CNEL C SAAVEDRA,FREIRE 4080,132,12,5557,5560,4,-34.5492497,-58.478945
4445,INST SAN FRANCISCO DE ASIS,CRISOLOGO LARRALDE 2551,133,12,5591,5596,6,-34.5497759,-58.46966399999999
4450,ESC N°15 PCIA DE SANTA FE,PICO 2629,133,12,5561,5572,12,-34.5413681,-58.47630040000001
4453,INST SAN FRANCISCO DE ASIS,CIUDAD DE LA PAZ 3646,133,12,5597,5604,8,-34.5492084,-58.4696072
4457,INSTITUTO SAN ISIDRO LABRADOR,AV SAN ISIDRO LABRADOR 4700,133,12,5579,5586,8,-34.541986,-58.474619
5006,ESC N°21 CNEL C SAAVEDRA,FREIRE 4080,133,12,5573,5578,6,-34.5492497,-58.478945
5295,COLEGIO DIVINA PROVIDENCIA,ARIAS 2915,133,12,5605,5610,6,-34.5438988,-58.4782457
5297,COLEGIO HIGHEST,CRISOLOGO LARRALDE 3281,133,12,5587,5590,4,-34.5530556,-58.4758637
9096,ESCUELA RICARDO MONNER SANS,HUIDOBRO 2643,133,12,5611,5618,8,-34.545454,-58.4742761
5170,ESC TECNICA RAGGIO,AV DEL LIBERTADOR 8635,134,13,5622,5643,22,-34.5359895,-58.466705
8166,COLEGIO LOMAS DE NUÑEZ,ARCOS 4531,134,13,5619,5621,3,-34.5404913,-58.4703013
4480,ESC N°20 VICEALMIRANTE MONTES,AV CONGRESO 1553,135,13,5653,5660,8,-34.5509224,-58.4538581
4491,ESC N°10 JOAQUIN M CULLEN,11 DE SEPTIEMBRE 3451,135,13,5667,5676,10,-34.5467497,-58.4605901
4495,INSTITUTO AULA XXI,11 DE SEPTIEMBRE 3168,135,13,5644,5652,9,-34.5489868,-58.45889880000001
8803,INSTITUTO BELGRANO UNO,ARRIBEÑOS 2871,135,13,5661,5666,6,-34.5510118,-58.4560948
4442,ESC N°7 MANUEL J GARCIA,AV CABILDO 3615,136,13,5695,5708,14,-34.54957479999999,-58.4675841
4485,ESC N°9 EVARISTO JULIO BADIA,O'HIGGINS 3050,136,13,5677,5694,18,-34.5511306,-58.4608259
4490,ESC N°10 DE RECUPERACION,O'HIGGINS 3401,136,13,5709,5716,8,-34.5486549,-58.46334230000001
8767,INSTITUTO GENERAL SAN MARTIN,IBERA 2351,136,13,5717,5719,3,-34.5532247,-58.46400120000001
4447,ESC N°4 CNEL F BRANDSEN,JUANA AZURDUY 2541,137,13,5753,5758,6,-34.5516786,-58.4682331
5004,ESC N°12 RODOLFO SENET,AV CRAMER 3271,137,13,5720,5738,19,-34.6036844,-58.3815591
5007,ESC N°16 REPUBLICA DOMINICANA,AV CONGRESO 3045,137,13,5739,5752,14,-34.5586136,-58.46862770000001
5013,EMEM N°5 HEROES DE MALVINAS,AV CRAMER 2136,138,13,5793,5804,12,-34.6036844,-58.3815591
5014,ESC N°19 PABLO PIZZURNO,MONROE 3000,138,13,5777,5792,16,-34.5615953,-58.4654987
5016,BELGRANO DAY SCHOOL,MENDOZA 3036,138,13,5834,5841,8,-34.564688,-58.463587
5298,ESC DE COM N°7 M BELGRANO,MONROE 3061,138,13,5805,5814,10,-34.5619746,-58.4661345
5300,INST N SRA DEL SAGRADO CORAZON,BLANCO ENCALADA 2942,138,13,5824,5833,10,-34.5622632,-58.46420519999999
5301,ESC ARGENTINA GRAL BELGRANO,MONROE 3021,138,13,5815,5818,4,-34.5617137,-58.46573859999999
6968,ESC N°5 JUAN B ALBERDI,MOLDES 2043,138,13,5759,5776,18,-34.564236,-58.45895539999999
8171,INSTITUTO SAN CAYETANO,MOLDES 1764,138,13,5819,5823,5,-34.5668712,-58.4567477
4424,ENET N°28 REP FRANCESA,CUBA 2410,139,13,5842,5855,14,-34.5580191,-58.457296
4462,ESC N°17 JUAN BALESTRA,ARCOS 2440,139,13,5856,5868,13,-34.5571114,-58.4566465
4469,ESC NORM SUP N°10 J B ALBERDI,O'HIGGINS 2441,139,13,5869,5894,26,-34.5565677,-58.4557012
4471,ESC N°22 E DE SAN MARTIN,FRANKLIN D ROOSEVELT 1510,140,13,5901,5912,12,-34.5521863,-58.45178289999999
4475,UNITED HIGH SCHOOL,MONTAÑESES 2434,140,13,5913,5918,6,-34.5543267,-58.4515621
5159,COLEGIO OXFORD,AV CONGRESO 1570,140,13,5895,5900,6,-34.5510449,-58.4538198
4507,ESC N°8 A GONZALEZ FERNANDEZ,MENDOZA 1000,141,13,5919,5933,15,-34.552471,-58.4429826
5164,ESCUELA CRISTOFORO COLOMBO,RAMSAY 2251,141,13,5934,5940,7,-34.5506311,-58.4411455
8771,INSTITUTO SAN ROMAN,JURAMENTO 1368,141,13,5941,5953,13,-34.555987,-58.4463613
8774,ESC Nº 23 JOSE C PAZ,SUCRE 1367,141,13,5954,5960,7,-34.5577239,-58.4445975
4419,ESC N°2 CASTO MUNITA,CUBA 2039,142,13,5961,5979,19,-34.5614794,-58.4542172
4481,INST NS DE LA MISERICORDIA,AV CABILDO 1333,142,13,5980,5991,12,-34.5676993,-58.44930259999999
4489,INSTITUTO MANUEL BELGRANO,LA PAMPA 2226,142,13,5992,6005,14,-34.5638789,-58.4525219
8777,INST NTRA SRA DEL ROSARIO,CIUDAD DE LA PAZ 1839,142,13,6006,6014,9,-34.5651064,-58.4555068
8779,INST NS DE LA MISERICORDIA G,VIRREY LORETO 2292,142,13,6018,6032,15,-34.5665642,-58.4492434
8985,ST MATTHEW S COLLEGE,MOLDES 1487,142,13,6015,6017,3,-34.5686311,-58.45464759999999
4427,ESC N°3 ESTEBAN ECHEVERRIA,MOLDES 1858,143,13,6033,6048,16,-34.5659598,-58.4575372
4434,INST SUPERIOR ARGENTINA 2000,VIDAL 1861,143,13,6073,6078,6,-34.5664021,-58.4584141
5015,LICEO N°9 SANTIAGO DERQUI,CONESA 1855,143,13,6066,6072,7,-34.5676805,-58.460293
5302,INST PATROCINIO DE SAN JOSE,CONESA 1830,143,13,6055,6065,11,-34.5679085,-58.4602707
8782,INST PATROCINIO DE SAN JOSE G,LA PAMPA 3023,143,13,6049,6054,6,-34.56825930000001,-58.4601334
8785,NUEVA ESCUELA ARGENTINA 2000,VIDAL 1838,143,13,6079,6085,7,-34.5666189,-58.45827130000001
4992,BS AS ENGLISH HIGH SCHOOL,AV MELIAN 1854,144,13,6086,6092,7,-34.5706718,-58.4654259
5017,COLEGIO ST BRENDAN S,SUPERI 2057,144,13,6096,6103,8,-34.5683693,-58.4660751
8824,ST CATHERINE S SCHOOL,CARBAJAL 3250,144,13,6104,6109,6,-34.5716217,-58.4607021
8826,COLEGIO SWORN JUNIOR,VIRREY DEL PINO 3299,144,13,6093,6095,3,-34.5711865,-58.4620615
4504,ESC Nº17 MONSEÑOR FRANCESCHI,GRAL ENRIQUE MARTINEZ 1432,145,13,6135,6140,6,-34.5751778,-58.4607695
4511,ESC Nº12 M DE PERU R CASTILLA,CONDE 943,145,13,6110,6117,8,-34.5766155,-58.45226549999999
4519,ESC Nº7 MARCOS SASTRE,VIRREY LORETO 3050,145,13,6118,6127,10,-34.5735059,-58.45468589999999
5177,INSTITUTO COMPAÑIA DE MARIA,CESPEDES 3128,145,13,6128,6134,7,-34.5755376,-58.45277969999999
7227,COLEGIO N°8 JULIO A ROCA,ZUBERBUHLER 1850,145,13,6141,6153,13,-34.5693756,-58.4592985
4546,UNIVERSIDAD CATOLICA ARGENTINA,FREIRE 183,146,13,6168,6179,12,-34.579519,-58.444378
4551,INST ESPAÑOL VIRGEN DEL PILAR,AV FEDERICO LACROZE 2950,146,13,6180,6187,8,-34.57553910000001,-58.44788879999999
4556,ESC Nº13 R SCALABRINI ORTIZ,CONDE 223,146,13,6154,6167,14,-34.5798369,-58.4459952
4499,ESC Nº16 CAPITAN MOYANO,MOLDES 1102,147,13,6193,6202,10,-34.5706731,-58.45118280000001
4517,COL HANS CHRISTIAN ANDERSEN,CIUDAD DE LA PAZ 1282,147,13,6214,6225,12,-34.56892029999999,-58.4507139
4583,ESC Nº3 JUANA MANSO,ZAPATA 449,147,13,6226,6235,10,-34.5727043,-58.44225409999999
7311,ESC N°15 GRAL B O HIGGINS,AV FEDERICO LACROZE 2971,147,13,6203,6213,11,-34.5756382,-58.44816939999999
8142,COLEGIO INDUSTRIAL LEON XIII,AV DORREGO 2112,147,13,6236,6247,12,-34.5784026,-58.43983180000001
8144,SOC ESP DE SOCORROS MUTUOS,CIUDAD DE LA PAZ 1750,147,13,6188,6192,5,-34.5659747,-58.454922
4487,WASHINGTON SCHOOL,AV FEDERICO LACROZE 1973,148,14,6295,6302,8,-34.5661183,-58.44120880000001
4527,ESC Nº10 MANUEL LAINEZ,OLLEROS 2325,148,14,6248,6262,15,-34.5695718,-58.4432759
4529,INST SANTA MARIA DE LUJAN,3 DE FEBRERO 760,148,14,6271,6279,9,-34.5709754,-58.4404282
4548,ESC Nº3 M SANCHEZ DE THOMPSON,AV CABILDO 40,148,14,6280,6288,9,-34.5748391,-58.4360174
8656,INSTITUTO ESQUIU,11 DE SEPTIEMBRE 1240,148,14,6289,6294,6,-34.56698400000001,-58.44414750000001
8659,COLEGIO LINCOLN,OLLEROS 2283,148,14,6303,6312,10,-34.5692044,-58.44284559999999
9255,ESC Nº10 MANUEL LAINEZ,AV FEDERICO LACROZE 2322,148,14,6263,6270,8,-34.5689854,-58.44394789999999
4522,ESC Nº5 CONGRESO DE LA NACION,AV DEL LIBERTADOR 4777,149,14,6318,6331,14,-34.5650721,-58.4341361
4525,ESC Nº30 GRANAD DE SAN MARTIN,AV DEL LIBERTADOR 4903,149,14,6332,6348,17,-34.5642613,-58.4355266
4535,INSTITUTO HOGAR SAN BENITO,ARCE 322,149,14,6349,6354,6,-34.5710669,-58.4306383
4537,ESC Nº8 ARMENIO ARGENTINA,ARCE 611,149,14,6355,6372,18,-34.5693159,-58.43354840000001
8670,COLEGIO CORAZON DE JESUS,AV CABILDO 123,149,14,6373,6384,12,-34.5738244,-58.437438
9258,UB FACULTAD DE INGENIERIA,VILLANUEVA 1324,149,14,6313,6317,5,-34.5655353,-58.44258399999999
4524,INSTITUTO SAN MARTIN DE TOURS,AV ALCORTA 3380,150,14,6385,6396,12,-34.6517863,-58.4070378
4528,INSTITUTO BAYARD,JERONIMO SALGUERO 2969,150,14,6417,6422,6,-34.5780972,-58.40631190000001
5181,INSTITUTO SUPERIOR ECCLESTON,AV DORREGO 3751,150,14,6397,6416,20,-34.5648305,-58.4193958
4536,CENTRO CENTES N°2,JUAN FRANCISCO SEGUI 3755,151,14,6463,6471,9,-34.5781365,-58.41121479999999
4539,ENET N°2 OSVALDO MAGNASCO,AV SANTA FE 3727,151,14,6494,6497,4,-34.5849129,-58.4162232
4542,ESC DE JARDINERIA C M HICKEN,AV LAS HERAS 4078,151,14,6472,6478,7,-34.58165,-58.41661329999999
5185,INSTITUTO LANGE LEY,AV SCALABRINI ORTIZ 2840,151,14,6479,6493,15,-34.5831276,-58.4128301
9383,INSTITUTO BAYARD,CASTEX 3348,151,14,6423,6429,7,-34.5781564,-58.4054803
9385,COLEGIO SANTA TERESA DE JESUS,AV LAS HERAS 3670,151,14,6430,6434,5,-34.5821166,-58.410841
9386,INST CORAZON DE MARIA,GUISE 1965,151,14,6435,6448,14,-34.5902756,-58.4124172
9387,ESC Nº20 CARLOS M BIEDMA,GUEMES 4610,151,14,6449,6462,14,-34.5814558,-58.423841
4538,ESC N°26 ADOLFO VAN GELDEREN,JERONIMO SALGUERO 2455,152,14,6498,6513,16,-34.5831272,-58.4104371
4549,COLEGIO TERESA DE JESUS (SEC),ARAOZ 2954,152,14,6514,6523,10,-34.5827837,-58.4109073
4553,ESC N SUP Nº8 LENGUAS VIVAS,JUNCAL 3251,152,14,6538,6550,13,-34.5853535,-58.4104432
4558,ESC N°16 WENCESLAO POSSE,JUNCAL 3131,152,14,6524,6537,14,-34.5858663,-58.40870830000001
8676,ESC PRIM Nº12 GRAL LAS HERAS,SALGUERO 2360,152,14,6551,6557,7,-34.5734761,-58.5398334
4566,ESC NORM N°6 V LOPEZ Y PLANES,GUEMES 3837,153,14,6558,6578,21,-34.5870959,-58.4159499
4569,ESC N°5 U LLAMES DE LA PUENTE,GRAL MANSILLA 3643,153,14,6616,6628,13,-34.5908648,-58.4148546
4571,COLEGIO GUADALUPE,PARAGUAY 3925,153,14,6579,6599,21,-34.5893511,-58.41807000000001
4578,COLEGIO DEL DIVINO CORAZON,REPUBLICA DOMINICANA 3586,153,14,6600,6612,13,-34.5896079,-58.4156483
5187,ESC N°4 AMADEO JACQUES,SOLER 3929,153,14,6613,6615,3,-34.5919186,-58.41714289999999
4574,ESC N°11 MANUELA PEDRAZA,MALABIA 2252,154,14,6653,6666,14,-34.5865293,-58.4205501
4603,INSTITUTO AMBROSIO TOGNONI,AV SANTA FE 4320,154,14,6695,6702,8,-34.5804449,-58.4227962
4607,COLEGIO PALERMO CHICO,GUATEMALA 4892,154,14,6644,6652,9,-34.5849641,-58.4262459
4611,ESC N°17 BLAS PARERA,ARMENIA 2214,154,14,6629,6643,15,-34.5860264,-58.4221508
5186,COLEGIO CHILDREN S,CHARCAS 3949,154,14,6667,6671,5,-34.5865128,-58.41931619999999
7104,CENTRO ED SAN FCO JAVIER (PRI),JORGE LUIS BORGES 1883,154,14,6672,6678,7,-34.586959,-58.42735
8145,ESC N°1 REPUBLICA DE CUBA,COSTA RICA 4942,154,14,6679,6694,16,-34.5865137,-58.42953230000001
8685,CENTRO ED SAN FCO JAVIER (SEC),JORGE LUIS BORGES 1851,154,14,6703,6707,5,-34.5871376,-58.427614
4562,ESC Nº14 PCIA DE RIO NEGRO,AREVALO 1408,155,14,6708,6719,12,-34.5836542,-58.4435282
4568,COL NAC Nº4 NICOLAS AVELLANEDA,EL SALVADOR 5528,155,14,6727,6735,9,-34.5839115,-58.4347532
4575,COLEGIO FASTA CATHERINA,SOLER 5942,155,14,6750,6757,8,-34.5781579,-58.43602660000001
4581,ESC Nº6 VICENTE FIDEL LOPEZ,AV SANTA FE 5039,155,14,6736,6749,14,-34.576914,-58.43044630000001
4585,ESC NAC Nº31 NACIONES UNIDAS,ANGEL J CARRANZA 2045,155,14,6764,6775,12,-34.5797546,-58.43502840000001
5182,ESC N°9 JUAN C LAFINUR,GORRITI 5740,155,14,6720,6726,7,-34.5838358,-58.4386732
5183,ESC FRANCESCO FAA DI BRUNO,BONPLAND 1999,155,14,6758,6763,6,-34.580896,-58.43450799999999
4640,ESC N°4 PROV DE CORDOBA,AV SCALABRINI ORTIZ 1336,156,14,6776,6785,10,-34.5926855,-58.42772489999999
4651,INSTITUTO MARIE MANOOGIAN,ARMENIA 1338,156,14,6786,6795,10,-34.5918929,-58.43100639999999
4654,INST SAN GREGORIO ILUMINADOR,ARMENIA 1353,156,14,6796,6801,6,-34.5918337,-58.4308614
4662,ESC N°23 JOSE M BUSTILLO,THAMES 1361,156,14,6802,6806,5,-34.5897482,-58.4336279
4557,UNIVERSIDAD DE PALERMO,MARIO BRAVO 1042,157,14,6829,6838,10,-34.5973746,-58.41594190000001
4626,ESC N°9 CNEL BERON DE ASTRADA,EL SALVADOR 4037,157,14,6807,6819,13,-34.5927603,-58.4198676
4629,CENTRO EDUC ARQ ESPIRITU SANTO,F ACUÑA DE FIGUEROA 1742,157,14,6820,6828,9,-34.5911063,-58.4204425
5194,ESC N°2 DE RECUPERACION,JOSE A CABRERA 4078,157,14,6839,6847,9,-34.5963033,-58.4240264
5195,UNIVERSIDAD A J F KENNEDY,PRINGLES 1377,157,14,6848,6853,6,-34.5958758,-58.42502879999999
4665,INSTITUTO GRIEGO ATENAGORAS I,LERMA 242,158,15,6898,6911,14,-34.596224,-58.4302541
4692,INST SAN J DE LA PALABRA DIOS,CASTILLO 767,158,15,6874,6884,11,-34.5930033,-58.43642130000001
4694,ESC N°18 YAPEYU,MALABIA 964,158,15,6854,6873,20,-34.5949546,-58.4336037
4696,INST PRIV DE LA COL HELENICA,JULIAN ALVAREZ 1030,158,15,6885,6897,13,-34.5962638,-58.4292734
4679,ESC N°2 AUSTRALIA,GURRUCHAGA 739,159,15,6912,6924,13,-34.5954013,-58.4388246
4680,INSTITUTO INTEGRAL MUNDO NUEVO,SERRANO 557,159,15,6936,6943,8,-34.5959003,-58.44175
5200,COLEGIO PAIDEIA,ACEVEDO 566,159,15,6944,6946,3,-34.5967361,-58.438762
5201,JARDIN DE INFANTES N° 3,AGUIRRE 752,159,15,6925,6927,3,-34.5954707,-58.4377363
8030,ESC Nº19 PCIA DE CHUBUT,HUMBOLDT 742,159,15,6928,6935,8,-34.5923764,-58.44471039999999
4448,ESC Nº12 HERMINIA BRUMANA,FITZ ROY 171,160,15,7000,7006,7,-34.5968698,-58.4523279
4451,ESC Nº21 ALTE S STORNI,MARTINEZ ROSAS 1364,160,15,6969,6975,7,-34.5969507,-58.4517081
4454,ESC Nº1 QUINTANA DE ESCALADA,AV CORRIENTES 5332,160,15,6981,6993,13,-34.5986756,-58.4401261
4455,ESC Nº2 FRANCISCO D HERRERA,CAMARGO 725,160,15,6961,6968,8,-34.59869680000001,-58.4419579
4456,ESC Nº17 FRANCISCO DE VITORIA,JULIAN ALVAREZ 240,160,15,6947,6960,14,-34.6018791,-58.4380621
4458,ESC NAC Nº16 GABRIELA MISTRAL,JULIAN ALVAREZ 123,160,15,6994,6999,6,-34.6028383,-58.4393877
4464,ESC Nº22 DR ROMULO S NAON,ARAOZ 234,160,15,7007,7011,5,-34.6011017,-58.4389897
4466,COLEGIO BUENOS AIRES,ACEVEDO 357,160,15,6976,6980,5,-34.5986863,-58.4413966
8960,ESC N°6 DELFIN JIJENA,OLAYA 1565,160,15,7012,7014,3,-34.6029275,-58.4463495
4459,ESC Nº6 DELFIN JIJENA,OLAYA 1565,161,15,7015,7020,6,-34.6029275,-58.4463495
4460,INST R VIRGINUM ADORATRICES,AV PUEYRREDON 1339,161,15,7046,7061,16,-34.595289,-58.4026235
4470,ESC Nº16 ANDRES FERREYRA,CNEL APOLINARIO FIGUEROA 661,161,15,7021,7038,18,-34.6064865,-58.4488524
4476,ESC Nº21 EMILIO OLIVE,ROJAS 1554,161,15,7039,7045,7,-34.6040751,-58.4501325
5151,ESC N°11 DR ENRIQUE MOSCA,CASAFOUST 761,161,15,7062,7066,5,-34.5998593,-58.4564664
8406,ESC N°23 ALFREDO R BUFANO,MANUEL A RODRIGUEZ 2332,161,15,7067,7073,7,-34.5986338,-58.45705530000001
4418,ESC COM Nº24 D VELEZ SARSFIELD,AV DEL CAMPO 1340,162,15,7107,7111,5,-34.59007380000001,-58.4675722
4902,ESC Nº10 RCA DEL ECUADOR,ESPINOSA 2547,162,15,7074,7083,10,-34.6009312,-58.46773229999999
5136,ESC Nº20 RCA DE HONDURAS,ELCANO 4861,162,15,7084,7091,8,-34.5920602,-58.46755959999999
5275,ESC N°13 PCIA DE NEUQUEN,ALTE FRANCISCO SEGUI 2580,162,15,7092,7098,7,-34.6036844,-58.3815591
8409,ESC N°15 PCIA DE MENDOZA,JUAN AGUSTIN GARCIA 1511,162,15,7099,7106,8,-34.6017663,-58.4656892
9182,ESC N°1 FEDERICO GARCIA LORCA,AV CHORROARIN 305,162,15,7112,7122,11,-34.5951141,-58.4771426
4446,ESC Nº8 MENDEZ CASARIEGO,AV JORGE NEWBERY 4436,163,15,7123,7128,6,-34.6036844,-58.3815591
4554,ESC Nº14 DR LUIS AGOTE,AV JORGE NEWBERY 3664,163,15,7145,7149,5,-34.6036844,-58.3815591
4565,ENET Nº34 E MARTIN HERMITTE,AGUIRRE 1473,163,15,7129,7144,16,-34.5891082,-58.44385620000001
8964,ESC N°1 RUBEN DARIO,OTERO 271,163,15,7150,7158,9,-34.5926531,-58.4528129
4509,ESC Nº18 CABILDO DE BS AS,AV FEDERICO LACROZE 3839,164,15,7159,7165,7,-34.5837161,-58.4530708
4510,ENET Nº32 JOSE DE SAN MARTIN,TEODORO GARCIA 3871,164,15,7172,7184,13,-34.5835818,-58.45443580000001
5178,ARGENTINA SCHOOL,GIRIBONE 867,164,15,7166,7171,6,-34.5804843,-58.45504800000001
8417,ESC N°2 GRAL MARIANO ACHA,ROSETI 1450,164,15,7190,7192,3,-34.5818741,-58.4625978
9185,ESC DE COM N24 VELEZ SARSFIELD,AV DEL CAMPO 1340,164,15,7185,7189,5,-34.59007380000001,-58.4675722
4420,INST C ESTRADA DE MARTINEZ,AV DEL CAMPO 1653,165,15,7212,7219,8,-34.5876967,-58.4705594
4437,ESC Nº26 JOSE MARMOL,CARBAJAL 4019,165,15,7203,7211,9,-34.5769155,-58.4690736
4443,INSTITUTO EDUCACIONAL DUAYEN,BALLIVIAN 2230,165,15,7220,7226,7,-34.5786539,-58.474208
5135,ESC Nº4 GRAL LAVALLEJA,14 DE JULIO 546,165,15,7227,7232,6,-34.5873719,-58.46370220000001
8420,INSTITUTO PARROQUIAL SAN ROQUE,CHARLONE 1866,165,15,7241,7244,4,-34.5806174,-58.4679217
8426,ESC DE RECUPERACION N°14,TRIUNVIRATO 3626,165,15,7233,7240,8,-34.5822812,-58.47252710000001
9188,ESC N°2 GRAL MARIANO ACHA,ROSETI 1450,165,15,7193,7202,10,-34.5818741,-58.4625978
9191,PROGRAMA EDUC ADULTOS 2000,BALLIVIAN 2329,165,15,7245,7248,4,-34.5786987,-58.4760042
4417,ESC Nº27 PETRONILA RODRIGUEZ,ANDONAEGUI 1532/HAMBURGO,166,15,7263,7272,10,-34.6036844,-58.3815591
4423,INSTITUTO EDUC SANTA TERESITA,QUIROS 2941,166,15,7284,7295,12,-34.5899265,-58.47630629999999
8435,ESC N°22 AGRONOMIA,AV CONSTITUYENTES 3100,166,15,7273,7283,11,-34.5913381,-58.47714180000001
9194,ESC N°3 ING ALVAREZ CONDARCO,GIRARDOT 1946,166,15,7249,7255,7,-34.5850576,-58.4713266
9197,ESC N°5 ENRIQUE DE VEDIA,COMBATIENTES DE MALVINAS 3234,166,15,7256,7262,7,-34.5829964,-58.4732024
4867,ESC Nº4 CNEL ALVAREZ THOMAS,TERRADA 3983,167,15,7312,7320,9,-34.5908054,-58.49630759999999
4871,ESC Nº25 C SONDA DE PANDOLFINI,AV SAN MARTIN 5021,167,15,7296,7302,7,-34.5973297,-58.4888115
8438,ESC N°3 GRECIA,CONDARCO 3984,167,15,7303,7311,9,-34.5901354,-58.49519569999999
8441,ESC N°11 CONGRESO DE TUCUMAN,PEDRO MORAN 2899,167,15,7328,7332,5,-34.5927699,-58.4963041
8444,CLUB EL TALAR,NUEVA YORK 2944,167,15,7321,7327,7,-34.5917728,-58.4980779
